date,Pasture,BARE,NONVEG,GREEN,SD,LITT,Biomass_kg_ha,Biomass_SE,NDVI,CP,DRYVEG,Year
2023-01-01,13W,0.22309963,0.4347681,0.093163215,0.47206867,0.21166846,456.27298,150.3872,0.18560962,,0.6837371,2023
2023-01-01,6W,0.2815084,0.3946018,0.10569084,0.49970743,0.11309338,429.8376,142.32236,0.18248096,,0.61280084,2023
2023-01-02,13W,0.22435349,0.43264577,0.093538105,0.47381613,0.20829229,458.91858,150.062,0.1853261,,0.6821084,2023
2023-01-02,6W,0.28409562,0.3933688,0.105514064,0.5011171,0.10927322,428.34122,142.07207,0.1820049,,0.6103903,2023
2023-01-03,13W,0.22557545,0.43062982,0.09386326,0.475507,0.20505433,461.14014,149.6967,0.18504378,,0.6805613,2023
2023-01-03,6W,0.28664297,0.39223272,0.10531072,0.5024566,0.10558972,426.7494,141.8107,0.18153487,,0.6080463,2023
2023-01-04,13W,0.22676489,0.42872798,0.094137,0.477135,0.2019631,463.22318,149.28264,0.18476275,,0.6790981,2023
2023-01-04,6W,0.2891465,0.3911977,0.10507953,0.5037228,0.1020512,425.3665,141.53992,0.18107124,,0.605774,2023
2023-01-05,13W,0.22792117,0.42694792,0.0943579,0.47869417,0.19902676,464.54086,148.8249,0.18448304,,0.67772096,2023
2023-01-05,6W,0.29160208,0.39026794,0.104819216,0.5049128,0.098665886,423.58945,141.25633,0.18061435,,0.6035787,2023
2023-01-06,13W,0.22904463,0.42529508,0.0945249,0.48018,0.19625045,466.31467,148.30981,0.18420465,,0.6764304,2023
2023-01-06,6W,0.294006,0.38944653,0.10452892,0.50602454,0.095440485,421.7204,140.96167,0.1801645,,0.6014651,2023
2023-01-07,13W,0.23013495,0.42377636,0.09463701,0.48158664,0.19364145,467.92047,147.79732,0.18392771,,0.67522806,2023
2023-01-07,6W,0.29635382,0.3887375,0.10420747,0.5070551,0.092383616,419.76175,140.68544,0.17972198,,0.5994387,2023
2023-01-08,13W,0.23119184,0.42239767,0.0946937,0.48290864,0.19120583,469.34482,147.28564,0.18365233,,0.67411447,2023
2023-01-08,6W,0.2986426,0.38814178,0.10385445,0.50800383,0.08949917,418.01398,140.4301,0.17928702,,0.59750295,2023
2023-01-09,13W,0.23221713,0.42114297,0.09469534,0.48416165,0.18892586,470.61758,146.75706,0.18337727,,0.67308754,2023
2023-01-09,6W,0.3008914,0.38766316,0.103468806,0.50886804,0.08677172,415.857,140.19054,0.17885931,,0.59563977,2023
2023-01-10,13W,0.23324184,0.41991818,0.09469404,0.48538777,0.18667635,471.358,146.24379,0.18309733,,0.6720641,2023
2023-01-10,6W,0.30310413,0.38715023,0.10311396,0.5097358,0.084046096,413.93262,139.96877,0.17844342,,0.5937819,2023
2023-01-11,13W,0.23426129,0.41874132,0.094680764,0.48657793,0.18448004,473.40018,145.69019,0.18281339,,0.671058,2023
2023-01-11,6W,0.30527917,0.38663262,0.10277791,0.5105895,0.08135347,411.93573,139.76735,0.17803864,,0.59194297,2023
2023-01-12,13W,0.23525243,0.41732848,0.094699666,0.48797184,0.18207607,474.86957,145.14809,0.18252222,,0.6700479,2023
2023-01-12,6W,0.30752102,0.38592762,0.10250274,0.5115697,0.07840659,409.741,139.58273,0.17762463,,0.58997625,2023
2023-01-13,13W,0.23622015,0.41604367,0.09465454,0.4893018,0.17982355,476.43576,144.59212,0.18223067,,0.6691254,2023
2023-01-13,6W,0.30974203,0.38537046,0.10217482,0.5124547,0.07562847,407.43134,139.41652,0.17721461,,0.5880832,2023
2023-01-14,13W,0.23716322,0.4149009,0.094542995,0.49055606,0.17773771,477.7657,144.0422,0.18193908,,0.6682938,2023
2023-01-14,6W,0.3119361,0.3849717,0.10179192,0.5132364,0.07303557,405.00046,139.26872,0.17680934,,0.586272,2023
2023-01-15,13W,0.23808247,0.41390917,0.09436417,0.49172664,0.1758267,478.84497,143.4837,0.18164791,,0.66755337,2023
2023-01-15,6W,0.31409666,0.3847436,0.10135136,0.51390505,0.0706469,402.73218,139.13716,0.17640954,,0.584552,2023
2023-01-16,13W,0.23897736,0.4130794,0.0941168,0.49280378,0.17410205,479.65897,142.92874,0.18135749,,0.6669059,2023
2023-01-16,6W,0.31621826,0.38469535,0.1008513,0.51445335,0.068477124,400.04596,139.02528,0.1760159,,0.58293045,2023
2023-01-17,13W,0.23984547,0.41242063,0.093798585,0.49378076,0.17257519,480.51688,142.36281,0.18106791,,0.6663559,2023
2023-01-17,6W,0.31829548,0.38483563,0.10028995,0.51487446,0.066540115,397.22458,138.9318,0.17562899,,0.5814146,2023
2023-01-18,13W,0.24068688,0.41194072,0.093408845,0.49465042,0.17125385,480.77487,141.799,0.18077947,,0.6659042,2023
2023-01-18,6W,0.32032427,0.38517085,0.099666074,0.5151631,0.06484653,394.265,138.8566,0.17524937,,0.58000964,2023
2023-01-19,13W,0.24149844,0.4116526,0.09294005,0.49540737,0.17015414,480.73346,141.22685,0.18049255,,0.6655615,2023
2023-01-19,6W,0.3223001,0.38570827,0.09897746,0.5153143,0.063408144,391.15692,138.79976,0.17487775,,0.5787224,2023
2023-01-20,13W,0.24227603,0.41158324,0.09238484,0.49603194,0.16930716,480.35443,142.02077,0.18020785,,0.6653391,2023
2023-01-20,6W,0.32421613,0.38648155,0.09821727,0.51530117,0.062265422,387.8815,139.32402,0.17451447,,0.5775666,2023
2023-01-21,13W,0.24301931,0.4117361,0.09174359,0.49652028,0.16871679,479.63565,142.85414,0.17992553,,0.66523707,2023
2023-01-21,6W,0.32606995,0.3874889,0.09738588,0.5151252,0.061418924,384.43982,139.8777,0.17415994,,0.5765441,2023
2023-01-22,13W,0.24372856,0.4121133,0.09101709,0.49686965,0.1683847,478.57965,143.72562,0.17964573,,0.66525435,2023
2023-01-22,6W,0.3278597,0.38872772,0.09648412,0.51478815,0.060868,381.10684,140.45154,0.17381454,,0.57565624,2023
2023-01-23,13W,0.24440385,0.41271603,0.090206444,0.49707752,0.16831218,477.1857,144.62888,0.17936857,,0.6653897,2023
2023-01-23,6W,0.32958356,0.39019483,0.09551283,0.5142923,0.060611308,377.88266,141.05515,0.17347853,,0.5749036,2023
2023-01-24,13W,0.24504532,0.4135452,0.08931296,0.49714184,0.1684999,475.77686,145.57678,0.17909412,,0.6656417,2023
2023-01-24,6W,0.33123934,0.39188775,0.094472915,0.51363933,0.06064842,373.95715,141.69519,0.17315216,,0.5742878,2023
2023-01-25,13W,0.24565212,0.41460234,0.0883381,0.49705952,0.16895021,473.39914,146.57697,0.17882246,,0.6660098,2023
2023-01-25,6W,0.3328256,0.39380255,0.093365565,0.512832,0.060976893,369.87576,142.3645,0.17283559,,0.5738088,2023
2023-01-26,13W,0.24622343,0.41588885,0.08728363,0.49682754,0.16966543,471.3285,147.60754,0.17855367,,0.6664929,2023
2023-01-26,6W,0.33434108,0.39593455,0.09219218,0.5118732,0.061593484,365.90512,143.0645,0.17252894,,0.5734667,2023
2023-01-27,13W,0.2467587,0.41740388,0.08615149,0.49644467,0.17064518,468.30893,148.69124,0.17828773,,0.66708976,2023
2023-01-27,6W,0.33578426,0.39827988,0.0909541,0.510766,0.06249564,361.78625,143.79396,0.17223227,,0.5732617,2023
2023-01-28,13W,0.24725978,0.4191424,0.08494472,0.49591288,0.17188261,465.29184,149.7631,0.17802471,,0.6677955,2023
2023-01-28,6W,0.33715484,0.40083155,0.08965349,0.509515,0.0636767,357.52194,144.52054,0.17194553,,0.5731917,2023
2023-01-29,13W,0.24772626,0.42110243,0.083666176,0.4952314,0.17337622,461.65802,150.31085,0.17776453,,0.66860753,2023
2023-01-29,6W,0.3384512,0.40358493,0.08829208,0.50812304,0.0651337,353.12134,144.92786,0.17166872,,0.5732567,2023
2023-01-30,13W,0.2481533,0.42325014,0.0823306,0.49441934,0.17509678,458.11063,150.30882,0.17750375,,0.6695161,2023
2023-01-30,6W,0.33968323,0.4065311,0.08687191,0.50659704,0.06684784,348.34637,145.01031,0.17140076,,0.57344484,2023
2023-01-31,13W,0.24854398,0.4255827,0.08094012,0.49347717,0.17703871,454.64468,150.26071,0.17724288,,0.6705159,2023
2023-01-31,6W,0.34084922,0.40966198,0.08539574,0.50494236,0.068812765,343.7044,145.05989,0.17114165,,0.573755,2023
2023-02-01,13W,0.24890219,0.42809567,0.07949714,0.4924072,0.17919347,450.64725,150.14995,0.17698248,,0.67160064,2023
2023-02-01,6W,0.34194782,0.41296923,0.083866194,0.5031645,0.071021415,338.9503,145.06108,0.1708913,,0.574186,2023
2023-02-02,13W,0.24922681,0.4308221,0.077984326,0.49119356,0.1815953,446.44724,149.95798,0.17672545,,0.67278886,2023
2023-02-02,6W,0.3429938,0.41643298,0.082277626,0.5012894,0.07343921,334.1143,145.01959,0.17065056,,0.57472855,2023
2023-02-03,13W,0.24952105,0.43375155,0.07640796,0.48984048,0.18423054,442.04462,149.70157,0.1764718,,0.674071,2023
2023-02-03,6W,0.3439846,0.42004377,0.080635056,0.4993212,0.07605917,329.2026,144.93333,0.17041905,,0.5753803,2023
2023-02-04,13W,0.24978755,0.43687323,0.07477472,0.4883521,0.18708569,437.44348,149.36629,0.17622158,,0.67543775,2023
2023-02-04,6W,0.34491774,0.42379192,0.07894363,0.49726442,0.07887421,325.39206,144.80473,0.1701963,,0.5761386,2023
2023-02-05,13W,0.24995744,0.44033393,0.07301937,0.48664674,0.19037645,433.44855,148.93965,0.17598777,,0.6770232,2023
2023-02-05,6W,0.34565946,0.42771053,0.077200316,0.49508908,0.082051106,320.61392,144.6286,0.1699974,,0.5771402,2023
2023-02-06,13W,0.2501001,0.44394392,0.07123226,0.48482376,0.19384381,428.35916,148.47704,0.1757546,,0.6786676,2023
2023-02-06,6W,0.34632102,0.43176478,0.07542232,0.49281296,0.08544373,315.31372,144.41101,0.16980511,,0.57825667,2023
2023-02-07,13W,0.25022182,0.4476876,0.06942113,0.48289126,0.19746582,424.22885,147.91391,0.17552216,,0.6803571,2023
2023-02-07,6W,0.34690857,0.4359364,0.07361518,0.49044842,0.0890278,310.19052,144.15056,0.1696186,,0.57947624,2023
2023-02-08,13W,0.25031564,0.4515602,0.06759147,0.4808483,0.20124461,419.04337,147.32922,0.17530502,,0.6820929,2023
2023-02-08,6W,0.34742686,0.44023284,0.07177641,0.48799074,0.092806004,305.02393,143.82115,0.16943723,,0.5807967,2023
2023-02-09,13W,0.25037828,0.4555494,0.0657534,0.47869724,0.20517108,413.38354,146.67784,0.17509502,,0.6838683,2023
2023-02-09,6W,0.3478822,0.44462612,0.069922276,0.4854516,0.09674392,300.21265,143.47546,0.16926205,,0.5821955,2023
2023-02-10,13W,0.25041577,0.4596465,0.06390914,0.47644436,0.20923072,407.54153,145.9575,0.17489196,,0.6856751,2023
2023-02-10,6W,0.34827927,0.44910565,0.06805476,0.48283958,0.10082642,295.31375,143.08658,0.16909255,,0.58366597,2023
2023-02-11,13W,0.25043413,0.4638417,0.062061265,0.47409704,0.21340753,401.79602,145.18993,0.17469567,,0.68750453,2023
2023-02-11,6W,0.348623,0.45366052,0.06617609,0.48016346,0.10503744,289.90604,142.6653,0.16892812,,0.5852009,2023
2023-02-12,13W,0.25057083,0.468075,0.06024502,0.47167993,0.21750416,395.61804,144.3558,0.17448674,,0.68918407,2023
2023-02-12,6W,0.34900516,0.45830715,0.06428253,0.47741026,0.10930201,284.17377,142.2021,0.168748,,0.58671224,2023
2023-02-13,13W,0.2508079,0.47234288,0.05845808,0.4691991,0.22153494,389.28973,143.46667,0.17426841,,0.690734,2023
2023-02-13,6W,0.34941578,0.46302634,0.062378556,0.47459513,0.11361054,278.5438,141.69748,0.16855516,,0.5882057,2023
2023-02-14,13W,0.25102934,0.47672987,0.056615084,0.46665505,0.22570053,383.43207,142.49744,0.17405349,,0.6923556,2023
2023-02-14,6W,0.34985143,0.46775764,0.060461193,0.47178122,0.1179062,272.7729,141.15285,0.16835603,,0.5896874,2023
2023-02-15,13W,0.25123638,0.48121616,0.054729003,0.46405488,0.22997978,376.7504,141.49496,0.17384325,,0.6940347,2023
2023-02-15,6W,0.35030258,0.4724902,0.05853577,0.46897402,0.12218762,268.25146,140.55617,0.16815253,,0.59116167,2023
2023-02-16,13W,0.25142613,0.48583433,0.052790187,0.46137542,0.23440823,370.5223,140.39948,0.17363748,,0.6957837,2023
2023-02-16,6W,0.3507419,0.47726902,0.05659113,0.46613982,0.12652713,262.79697,139.91884,0.16794965,,0.592667,2023
2023-02-17,13W,0.2515516,0.49059612,0.050830297,0.45857358,0.2390445,363.24277,139.27469,0.17344987,,0.697618,2023
2023-02-17,6W,0.3510383,0.4821476,0.054622605,0.46322972,0.13110933,256.7896,139.24835,0.1677722,,0.59433913,2023
2023-02-18,13W,0.25162238,0.49548393,0.048854508,0.45566154,0.24386157,355.95898,138.07187,0.173279,,0.6995231,2023
2023-02-18,6W,0.35120308,0.48711273,0.052634493,0.46025276,0.13590965,250.82974,138.52419,0.16761817,,0.5961624,2023
2023-02-19,13W,0.2516471,0.50048083,0.046868116,0.45265102,0.24883378,348.4421,137.35646,0.17312339,,0.7014848,2023
2023-02-19,6W,0.35124746,0.49215093,0.05063114,0.457218,0.14090346,244.74635,138.07039,0.16748561,,0.59812146,2023
2023-02-20,13W,0.25163448,0.50556934,0.04487636,0.4495543,0.25393486,340.7328,137.11784,0.17298159,,0.7034892,2023
2023-02-20,6W,0.35118243,0.49724838,0.048617005,0.4541346,0.14606595,238.55638,137.89156,0.16737254,,0.6002006,2023
2023-02-21,13W,0.25159368,0.510731,0.042884354,0.44638467,0.2591373,332.61313,136.91019,0.17285219,,0.70552194,2023
2023-02-21,6W,0.35101897,0.50239116,0.04659662,0.45101216,0.1513722,232.10495,137.72615,0.16727705,,0.6023844,2023
2023-02-22,13W,0.2515331,0.51594764,0.040897418,0.44315493,0.26441455,324.35248,136.7403,0.17273377,,0.7075695,2023
2023-02-22,6W,0.35076806,0.507565,0.04457459,0.44786036,0.15679699,226.27602,137.57161,0.16719724,,0.60465735,2023
2023-02-23,13W,0.25146097,0.52120095,0.038920723,0.4398783,0.26974,315.98782,136.60464,0.1726249,,0.7096183,2023
2023-02-23,6W,0.3504406,0.5127554,0.042555623,0.44468898,0.16231479,220.21773,137.44069,0.1671312,,0.6070038,2023
2023-02-24,13W,0.2513776,0.52648115,0.036961325,0.43655753,0.2751035,307.5327,136.50768,0.17252322,,0.7116611,2023
2023-02-24,6W,0.35003474,0.51796114,0.040553845,0.44148493,0.16792648,214.61209,137.34845,0.16707651,,0.6094114,2023
2023-02-25,13W,0.25129196,0.5317677,0.035024386,0.4332079,0.2804757,298.80295,136.41945,0.17242749,,0.7136836,2023
2023-02-25,6W,0.34956357,0.5231648,0.038572453,0.43826273,0.17360121,208.66707,137.26591,0.16703142,,0.611864,2023
2023-02-26,13W,0.2512131,0.53704035,0.033114474,0.42984515,0.28582722,289.8497,136.34207,0.17233649,,0.7156724,2023
2023-02-26,6W,0.3490403,0.5283483,0.036614772,0.43503693,0.17930801,202.86794,137.189,0.1669942,,0.6143449,2023
2023-02-27,13W,0.25114956,0.5422783,0.031236662,0.4264851,0.2911287,281.91962,136.26262,0.17224903,,0.71761376,2023
2023-02-27,6W,0.34847793,0.53349346,0.0346843,0.4318222,0.18501553,196.77484,137.11903,0.16696313,,0.6168378,2023
2023-02-28,13W,0.25110975,0.5474604,0.029396236,0.4231434,0.29635066,273.6234,136.18448,0.17216384,,0.71949404,2023
2023-02-28,6W,0.34788954,0.5385818,0.032784726,0.42863345,0.19069226,190.57428,137.0569,0.16693647,,0.6193257,2023
2023-03-01,13W,0.2511017,0.55256534,0.027598377,0.41983628,0.30146363,265.58597,136.09863,0.17207967,,0.72129995,2023
2023-03-01,6W,0.34728822,0.54359454,0.03091988,0.4254856,0.19630629,184.99791,136.99246,0.16691257,,0.6217919,2023
2023-03-02,13W,0.25113258,0.5575701,0.025850505,0.41657937,0.30643752,257.1048,136.0087,0.17199534,,0.723017,2023
2023-03-02,6W,0.34668705,0.54851234,0.029093994,0.42239368,0.2018253,179.06354,136.93285,0.16688973,,0.624219,2023
2023-03-03,13W,0.25120962,0.56245214,0.02415916,0.41338867,0.31124255,249.31784,135.92392,0.17190968,,0.7246312,2023
2023-03-03,6W,0.3460989,0.5533155,0.027311685,0.41937277,0.20721665,173.77026,136.84306,0.1668663,,0.6265894,2023
2023-03-04,13W,0.25133035,0.56718373,0.022527384,0.41028884,0.3158534,241.86613,135.84732,0.17181703,,0.7261422,2023
2023-03-04,6W,0.34553498,0.55799097,0.025559207,0.41644982,0.21245602,168.25786,136.72484,0.16683182,,0.62890583,2023
2023-03-05,13W,0.25150338,0.571743,0.020961924,0.40729505,0.32023963,234.10033,135.80956,0.17171703,,0.7275348,2023
2023-03-05,6W,0.34500822,0.56251675,0.023845667,0.41363758,0.21750851,162.96141,136.64476,0.16678625,,0.63114613,2023
2023-03-06,13W,0.2517379,0.5761087,0.019467449,0.4044238,0.32437083,226.42194,135.80563,0.17160918,,0.72879463,2023
2023-03-06,6W,0.34452996,0.5668676,0.022184739,0.41094762,0.22233765,157.51923,136.60774,0.16672948,,0.6332852,2023
2023-03-07,13W,0.25204167,0.5802572,0.018052628,0.40169019,0.32821554,219.34816,135.83151,0.17149296,,0.72990566,2023
2023-03-07,6W,0.34411332,0.5710207,0.020586,0.40839323,0.22690743,152.58072,136.60873,0.16666141,,0.6353007,2023
2023-03-08,13W,0.2524225,0.5841665,0.016722612,0.39911088,0.331744,212.89908,135.85126,0.17136794,,0.7308549,2023
2023-03-08,6W,0.3437711,0.57495266,0.019059848,0.40598756,0.23118153,147.43515,136.603,0.16658185,,0.63716906,2023
2023-03-09,13W,0.25295475,0.5878887,0.015375034,0.3967363,0.3349339,206.28087,135.86975,0.17119557,,0.7316702,2023
2023-03-09,6W,0.34351254,0.57881254,0.017462283,0.40372515,0.2353,142.8159,136.58698,0.16644317,,0.63902515,2023
2023-03-10,13W,0.2535935,0.591452,0.014072531,0.39447543,0.3378585,201.31322,135.87393,0.17101897,,0.73233396,2023
2023-03-10,6W,0.34340566,0.58255076,0.015913755,0.40153545,0.23914514,138.28001,136.56166,0.16628341,,0.6406806,2023
2023-03-11,13W,0.25433093,0.5948519,0.012809106,0.39233902,0.34052095,195.19633,135.87828,0.17083956,9.4424,0.73286,2023
2023-03-11,6W,0.3434429,0.586158,0.014435456,0.39940652,0.24271517,134.30539,136.53401,0.16610332,,0.6421217,2023
2023-03-12,13W,0.25517225,0.59843934,0.011526632,0.39003402,0.3432671,189.49883,135.88115,0.17066333,9.4424,0.73330116,2023
2023-03-12,6W,0.34348747,0.5898795,0.01299821,0.39712226,0.24639209,129.57756,136.51718,0.16592671,,0.6435143,2023
2023-03-13,13W,0.25610268,0.60190606,0.010312729,0.3877812,0.34580335,183.48015,135.8819,0.17048596,9.4424,0.7335846,2023
2023-03-13,6W,0.343604,0.593438,0.011692694,0.39486933,0.24983399,125.388,136.50337,0.16574542,,0.6447033,2023
2023-03-14,13W,0.25713938,0.6052463,0.009146825,0.38560686,0.34810686,177.63446,135.84981,0.1702897,9.4424,0.73371375,2023
2023-03-14,6W,0.34379837,0.5968535,0.010490103,0.39265642,0.2530551,121.30989,136.46445,0.16553247,,0.64571154,2023
2023-03-15,13W,0.25826448,0.6084454,0.008055569,0.38349906,0.35018092,171.58664,135.805,0.1700789,9.4424,0.73367995,2023
2023-03-15,6W,0.34406114,0.60012156,0.009399418,0.39047903,0.25606045,118.09469,136.4204,0.16529515,,0.64653945,2023
2023-03-16,13W,0.25946298,0.611494,0.007057306,0.38144872,0.352031,166.27306,135.73782,0.16985771,9.4424,0.73347974,2023
2023-03-16,6W,0.3443913,0.60325044,0.008408638,0.38834098,0.2588591,114.44002,136.37413,0.16504055,,0.64720005,2023
2023-03-17,13W,0.26072264,0.6143882,0.0061626355,0.37944922,0.35366553,160.702,135.6604,0.16963015,9.4424,0.7331147,2023
2023-03-17,6W,0.34478384,0.6062449,0.007513907,0.38624108,0.26146114,111.01026,136.30746,0.16477537,,0.6477022,2023
2023-03-18,13W,0.26202872,0.61712444,0.0053823623,0.37749326,0.35509565,155.39308,135.59322,0.16940005,9.4424,0.7325889,2023
2023-03-18,6W,0.3452312,0.60910463,0.006719857,0.3841755,0.26387343,107.6217,136.24243,0.16450617,,0.64804894,2023
2023-03-19,13W,0.2633727,0.6197126,0.0047057373,0.37558168,0.3563399,150.4976,135.52992,0.16917107,9.4424,0.73192155,2023
2023-03-19,6W,0.34572467,0.6118279,0.006034559,0.38213754,0.26610324,104.51607,136.18071,0.1642391,,0.64824075,2023
2023-03-20,13W,0.2647565,0.6221563,0.0041073724,0.3737363,0.35739985,145.7274,135.49196,0.16894622,9.4424,0.73113614,2023
2023-03-20,6W,0.3462696,0.61439973,0.0054425965,0.38015765,0.26813006,101.63122,136.1291,0.16398025,,0.6482877,2023
2023-03-21,13W,0.26616997,0.62445533,0.0035899682,0.37195465,0.3582854,140.88959,135.47974,0.16872868,9.4424,0.73024,2023
2023-03-21,6W,0.34686667,0.61683047,0.0049266173,0.37824294,0.26996377,98.829735,136.08092,0.16373532,,0.6482067,2023
2023-03-22,13W,0.26760364,0.6266129,0.0031527877,0.3702343,0.35900933,136.90125,135.48473,0.1685216,9.4424,0.72924364,2023
2023-03-22,6W,0.34750867,0.6191173,0.004492084,0.3763906,0.27160865,96.320724,136.0441,0.16350968,,0.6479992,2023
2023-03-23,13W,0.26904967,0.62863624,0.0027892522,0.3685744,0.35958666,133.33672,135.5162,0.1683279,9.4424,0.72816104,2023
2023-03-23,6W,0.34819624,0.6212728,0.004120133,0.37460706,0.27307656,94.13924,136.02298,0.16330858,,0.6476836,2023
2023-03-24,13W,0.2705019,0.63053805,0.0024842964,0.3669776,0.36003613,129.80313,135.56393,0.16815029,9.4424,0.72701377,2023
2023-03-24,6W,0.34892547,0.6233018,0.0038050727,0.37289312,0.27437636,91.85835,136.05693,0.16313688,,0.6472695,2023
2023-03-25,13W,0.2719531,0.63232934,0.00222516,0.36544544,0.36037627,126.86299,135.61436,0.16799137,9.4424,0.72582173,2023
2023-03-25,6W,0.34969488,0.6252133,0.003535557,0.37125117,0.27551842,89.866646,136.13982,0.1629992,,0.6467696,2023
2023-03-26,13W,0.27339584,0.63401884,0.0020036888,0.3639775,0.360623,123.804146,135.654,0.16785361,9.4424,0.7246005,2023
2023-03-26,6W,0.35049987,0.62701094,0.0033090864,0.36968002,0.27651104,88.27772,136.19725,0.1628999,,0.646191,2023
2023-03-27,13W,0.27482405,0.6356174,0.0018084509,0.3625742,0.36079326,121.07369,135.68938,0.16773923,9.4424,0.72336745,2023
2023-03-27,6W,0.35133657,0.6287006,0.0031205271,0.3681788,0.27736405,86.9361,136.22908,0.16284305,9.4424,0.6455429,2023
2023-03-28,13W,0.2762292,0.6371307,0.0016370718,0.36123228,0.36090142,118.79456,135.788,0.16765028,9.4424,0.7221337,2023
2023-03-28,6W,0.35220084,0.6302875,0.0029663763,0.3667461,0.2780867,86.20756,136.27231,0.1628325,9.418401,0.6448328,2023
2023-03-29,13W,0.2776016,0.6385621,0.0014914147,0.35994646,0.3609605,117.077866,135.87497,0.16758874,9.4424,0.72090703,2023
2023-03-29,6W,0.35308626,0.63177323,0.0028496182,0.36537716,0.27868694,85.24085,136.31572,0.16287175,9.425943,0.6440641,2023
2023-03-30,13W,0.27893162,0.63994884,0.0013726688,0.3586785,0.3610173,115.5545,135.96167,0.16756047,9.4157715,0.71969575,2023
2023-03-30,6W,0.35397747,0.6331668,0.002764998,0.36406818,0.27918935,84.56685,136.35756,0.16296522,9.421829,0.64325756,2023
2023-03-31,13W,0.28021106,0.6413031,0.0012773835,0.3574195,0.36109206,114.90388,136.04749,0.16756777,9.425701,0.7185115,2023
2023-03-31,6W,0.35486814,0.63447446,0.0027093461,0.36281618,0.2796063,84.20087,136.39124,0.16311604,9.4208,0.64242256,2023
2023-04-01,13W,0.28143275,0.6426399,0.0011993349,0.3561608,0.36120713,113.867325,136.12889,0.16761272,9.434442,0.7173679,2023
2023-04-01,6W,0.35575175,0.63570195,0.0026809366,0.36161706,0.27995026,84.31369,136.42062,0.16332716,9.422498,0.64156735,2023
2023-04-02,13W,0.28258726,0.64387846,0.0011227726,0.35499877,0.36129117,112.5986,136.22444,0.16761951,9.423765,0.7162899,2023
2023-04-02,6W,0.3565819,0.63685405,0.0026382762,0.3605077,0.28027216,84.451065,136.46391,0.16342118,9.427164,0.64077985,2023
2023-04-03,13W,0.28366852,0.6450896,0.0010523003,0.3538581,0.36142108,111.696526,136.3301,0.16760236,9.427867,0.71527916,2023
2023-04-03,6W,0.35735485,0.6379572,0.002612064,0.35943067,0.28060246,84.386475,136.52434,0.16353159,9.427892,0.6400331,2023
2023-04-04,13W,0.28467095,0.6462807,0.0009889737,0.3527303,0.3616098,111.184784,136.44463,0.1675755,9.427877,0.71434,2023
2023-04-04,6W,0.35806373,0.6390209,0.002605765,0.3583733,0.28095716,84.660484,136.60149,0.16367339,9.431032,0.6393305,2023
2023-04-05,13W,0.28569716,0.6473118,0.00093663856,0.35175157,0.36161464,110.61896,136.55788,0.16753699,9.426432,0.7133662,2023
2023-04-05,6W,0.35886657,0.63997906,0.0026265136,0.35739443,0.28111255,85.229065,136.67607,0.16384234,9.432849,0.6385069,2023
2023-04-06,13W,0.28667468,0.6483051,0.0008957956,0.35079905,0.36163047,110.17485,136.6678,0.16751315,9.43142,0.7124295,2023
2023-04-06,6W,0.35966662,0.640869,0.0026746022,0.3564564,0.2812024,86.07774,136.74437,0.16406538,9.433678,0.6376588,2023
2023-04-07,13W,0.28760237,0.64926654,0.00086841243,0.349865,0.36166424,109.87841,136.7708,0.16751629,9.431036,0.71152925,2023
2023-04-07,6W,0.3604645,0.641694,0.002755073,0.35555094,0.28122947,87.554115,136.81232,0.16435477,9.434599,0.63678044,2023
2023-04-08,13W,0.28848016,0.6502025,0.0008549662,0.34894258,0.3617223,109.8421,136.86761,0.16755804,9.432326,0.71066487,2023
2023-04-08,6W,0.36126056,0.6424568,0.002873687,0.3546695,0.28119627,88.8255,136.88454,0.16472201,9.42459,0.63586575,2023
2023-04-09,13W,0.28931203,0.651132,0.0008519723,0.34801602,0.36181998,109.845924,136.95949,0.1676464,9.432193,0.70983607,2023
2023-04-09,6W,0.36204627,0.6431795,0.0030302873,0.35379028,0.28113315,91.054214,136.94801,0.1651781,9.427702,0.63492346,2023
2023-04-10,13W,0.2900782,0.6521017,0.0008560286,0.3470423,0.36202347,110.60428,137.04434,0.16771609,9.430205,0.70906585,2023
2023-04-10,6W,0.36280856,0.6438818,0.0032249128,0.3528933,0.2810732,92.90432,137.01141,0.16567713,9.417373,0.63396657,2023
2023-04-11,13W,0.29078394,0.65306914,0.000880379,0.34605047,0.36228517,110.982414,137.13176,0.16784444,9.426239,0.7083357,2023
2023-04-11,6W,0.36355042,0.6445444,0.0034782065,0.3519774,0.28099394,94.65399,137.07787,0.16627675,9.398116,0.63297135,2023
2023-04-12,13W,0.29127738,0.6541037,0.0009197665,0.34497654,0.36282632,111.78313,137.20818,0.16806604,9.403749,0.7078029,2023
2023-04-12,6W,0.36416325,0.6451712,0.003797659,0.35103115,0.281008,97.13312,137.14331,0.16701193,9.3855915,0.6320391,2023
2023-04-13,13W,0.29153678,0.65522534,0.00097334787,0.3438013,0.36368856,112.908165,137.26855,0.16839561,9.402464,0.70748985,2023
2023-04-13,6W,0.36462015,0.64575595,0.004208926,0.35003516,0.28113583,100.164764,137.19354,0.16789685,9.373372,0.631171,2023
2023-04-14,13W,0.29167363,0.6563828,0.0010522334,0.342565,0.36470914,114.028496,137.32884,0.16883567,9.39733,0.70727414,2023
2023-04-14,6W,0.36489716,0.6463199,0.0047470164,0.34893304,0.28142273,103.26623,137.24194,0.16894048,9.370066,0.63035583,2023
2023-04-15,13W,0.2916856,0.65758604,0.0011569927,0.34125692,0.36590046,115.08478,137.37137,0.16939776,9.391493,0.70715743,2023
2023-04-15,6W,0.36496812,0.6468663,0.00543271,0.34770098,0.2818982,106.88946,137.27646,0.17015477,9.374778,0.62959915,2023
2023-04-16,13W,0.29156715,0.6588383,0.0012997217,0.339862,0.36727116,116.656845,137.40207,0.17009269,9.3878565,0.7071331,2023
2023-04-16,6W,0.3648026,0.64739215,0.006296207,0.34631163,0.28258958,111.3816,137.30026,0.17155084,9.379775,0.6289012,2023
2023-04-17,13W,0.2913609,0.66010034,0.0014863684,0.33841324,0.36873946,118.9374,137.40945,0.17091541,9.382635,0.70715266,2023
2023-04-17,6W,0.36451074,0.6478149,0.007381535,0.3448035,0.28330413,115.25037,137.32408,0.17311223,9.386082,0.6281077,2023
2023-04-18,13W,0.29106998,0.6613715,0.0017239356,0.33690456,0.3703015,121.9405,137.33763,0.1718728,9.377234,0.70720613,2023
2023-04-18,6W,0.36406758,0.6480903,0.00876458,0.34314513,0.2840227,120.94729,137.2806,0.17484416,9.391475,0.6271678,2023
2023-04-19,13W,0.29069218,0.66263896,0.0020383056,0.33532268,0.37194687,125.57156,137.27095,0.17297108,9.374837,0.70726955,2023
2023-04-19,6W,0.36345235,0.64818203,0.010509959,0.341308,0.28472972,127.208084,137.25905,0.17675099,9.394574,0.62603766,2023
2023-04-20,13W,0.2902282,0.6638955,0.0024472892,0.3336572,0.37366736,129.15057,137.23122,0.17421554,9.376411,0.7073245,2023
2023-04-20,6W,0.36264983,0.64806,0.012672245,0.33926776,0.28541014,134.38168,137.24815,0.17883606,9.39417,0.6246779,2023
2023-04-21,13W,0.28967696,0.6651313,0.0029691667,0.33189958,0.37545428,133.05739,137.1822,0.17561075,9.380242,0.70735395,2023
2023-04-21,6W,0.3616442,0.6476922,0.015305631,0.33700213,0.28604802,141.9897,137.1971,0.18110189,9.388716,0.62305015,2023
2023-04-22,13W,0.289035,0.66632766,0.00363779,0.33003452,0.37729266,137.20372,137.16064,0.17716047,9.385388,0.70732725,2023
2023-04-22,6W,0.36043745,0.64707947,0.018416272,0.33450425,0.28664201,150.98013,137.14049,0.18354999,9.382859,0.62114626,2023
2023-04-23,13W,0.288207,0.6674924,0.004461972,0.32804564,0.37928542,141.87099,137.12506,0.17875423,9.385213,0.707331,2023
2023-04-23,6W,0.3589848,0.6462412,0.021968355,0.33179045,0.2872564,160.21619,137.07323,0.18612489,9.37301,0.6190468,2023
2023-04-24,13W,0.2872185,0.6685998,0.005463784,0.3259365,0.38138118,147.51257,137.09138,0.18041553,9.38483,0.70731765,2023
2023-04-24,6W,0.35730508,0.64514697,0.02597797,0.32887512,0.28784183,170.2206,136.99173,0.18883705,9.363281,0.616717,2023
2023-04-25,13W,0.28612602,0.66960937,0.0066619194,0.32372865,0.38348338,151.98547,137.07579,0.18219215,9.382401,0.7072121,2023
2023-04-25,6W,0.35539976,0.64375085,0.030519389,0.32572973,0.28835115,181.20679,136.88924,0.1917492,9.35129,0.61408085,2023
2023-04-26,13W,0.2849402,0.6705113,0.008075776,0.3214129,0.3855711,157.4137,137.05132,0.18409888,9.380999,0.70698404,2023
2023-04-26,6W,0.35325682,0.642002,0.035664663,0.32233334,0.28874516,192.77185,136.77396,0.19485897,9.344217,0.61107856,2023
2023-04-27,13W,0.2836319,0.6712901,0.00976464,0.3189453,0.38765815,164.59349,137.0216,0.18619181,9.375576,0.70660347,2023
2023-04-27,6W,0.3508891,0.6398778,0.04146098,0.31866115,0.28898877,205.69011,136.63374,0.19818573,9.3447275,0.60765,2023
2023-04-28,13W,0.28221172,0.6719222,0.011761666,0.3163161,0.3897105,172.3366,136.99536,0.18847549,9.371911,0.70602655,2023
2023-04-28,6W,0.3483164,0.6373938,0.04788358,0.31472266,0.2890774,219.55797,136.47247,0.20172115,9.361141,0.6038,2023
2023-04-29,13W,0.28068507,0.67237836,0.014109195,0.3135124,0.39169332,180.37924,136.88213,0.19095339,9.369654,0.7052057,2023
2023-04-29,6W,0.34557924,0.6346008,0.054855723,0.31054345,0.2890216,233.75803,136.3231,0.20545608,9.396343,0.599565,2023
2023-04-30,13W,0.27910006,0.6726657,0.016818034,0.31051627,0.3935656,189.55975,136.76767,0.19360766,9.369622,0.70408195,2023
2023-04-30,6W,0.3427144,0.63156635,0.06228138,0.30615228,0.28885198,248.55411,136.17117,0.2093571,9.4569025,0.59500426,2023
2023-05-01,13W,0.27744904,0.6727282,0.019961454,0.30731037,0.39527914,198.34286,136.66127,0.19644326,9.373957,0.7025895,2023
2023-05-01,6W,0.3397493,0.62831527,0.070120536,0.3015642,0.28856602,263.74146,136.01881,0.21341765,9.541693,0.59013015,2023
2023-05-02,13W,0.27574748,0.67253196,0.023594614,0.30387345,0.39678445,208.80853,136.54588,0.1994692,9.386086,0.70065784,2023
2023-05-02,6W,0.33670384,0.6248437,0.07838178,0.2967745,0.2881399,279.31958,135.86607,0.21764062,9.649175,0.5849144,2023
2023-05-03,13W,0.2739864,0.67203504,0.027754545,0.30021048,0.39804858,220.47795,136.43184,0.20271572,9.408167,0.69825906,2023
2023-05-03,6W,0.3335804,0.6211472,0.08706782,0.29178494,0.28756684,295.24774,135.71289,0.2220276,9.772686,0.57935184,2023
2023-05-04,13W,0.27217507,0.67120206,0.03248572,0.2963122,0.399027,232.65846,136.31871,0.20618036,9.443653,0.6953392,2023
2023-05-04,6W,0.3304049,0.61723965,0.09615372,0.28660664,0.28683472,311.4801,135.55933,0.22656932,9.90527,0.5734413,2023
2023-05-05,13W,0.2703288,0.6700158,0.037804764,0.29217938,0.39968702,245.322,136.20094,0.20985961,9.492833,0.6918664,2023
2023-05-05,6W,0.3272004,0.6131309,0.10562027,0.28124878,0.28593048,327.9682,135.40535,0.23125593,10.035017,0.5671793,2023
2023-05-06,13W,0.26846322,0.66844684,0.043742504,0.28781068,0.3999836,258.5961,136.08638,0.21374895,9.55642,0.68779427,2023
2023-05-06,6W,0.32399037,0.6088317,0.11544656,0.27572173,0.28484133,344.6614,135.25098,0.23607652,10.154193,0.560563,2023
2023-05-07,13W,0.26650953,0.66638035,0.05045836,0.28316128,0.39987084,272.90192,135.96568,0.21788785,9.634379,0.6830321,2023
2023-05-07,6W,0.32079044,0.6041245,0.12583236,0.27004316,0.28333402,361.6692,135.09619,0.24107574,10.254146,0.5533772,2023
2023-05-08,13W,0.26448497,0.6638614,0.05785379,0.27828476,0.39937648,287.72388,135.84523,0.22224037,9.725294,0.67766124,2023
2023-05-08,6W,0.31754962,0.5992014,0.13659486,0.26420382,0.2816517,378.89383,134.941,0.24620849,10.334785,0.5458555,2023
2023-05-09,13W,0.26239243,0.66085774,0.06595686,0.27318546,0.39846522,303.04782,135.726,0.22680064,9.827438,0.6716507,2023
2023-05-09,6W,0.31427968,0.59407353,0.14771251,0.25821397,0.27979383,396.29358,134.7854,0.25146413,10.400398,0.5380078,2023
2023-05-10,13W,0.2602362,0.65732396,0.07480781,0.26786822,0.39708778,318.83774,135.60732,0.23156172,9.937546,0.664956,2023
2023-05-10,6W,0.3109926,0.58875376,0.15916128,0.25208494,0.27776116,413.825,134.6294,0.2568313,10.458513,0.52984613,2023
2023-05-11,13W,0.25800598,0.6531933,0.0844746,0.26233205,0.39518735,334.86,135.49002,0.2365158,10.052241,0.65751934,2023
2023-05-11,6W,0.30770072,0.58325624,0.17091471,0.24582906,0.27555552,431.44272,134.47298,0.2622978,10.518066,0.5213846,2023
2023-05-12,13W,0.25575736,0.6484038,0.095146544,0.2564496,0.39264646,352.17053,135.41515,0.24175675,10.166713,0.6490961,2023
2023-05-12,6W,0.30446282,0.5774954,0.18314837,0.23935623,0.27303258,449.13376,134.3997,0.26790226,10.587812,0.5123888,2023
2023-05-13,13W,0.25340402,0.64318025,0.106475964,0.25034383,0.3897762,370.03394,135.36572,0.24721284,10.277761,0.6401201,2023
2023-05-13,6W,0.3011354,0.5715187,0.19578765,0.23269366,0.27038327,467.08438,134.36372,0.2736594,10.676722,0.5030769,2023
2023-05-14,13W,0.25099298,0.6376066,0.11834166,0.24405171,0.3866137,388.40735,135.31529,0.25287235,10.380617,0.63066536,2023
2023-05-14,6W,0.29773876,0.56534165,0.20879453,0.22586378,0.26760295,485.25592,134.36638,0.27955315,10.786345,0.4934667,2023
2023-05-15,13W,0.2485478,0.63171214,0.13069195,0.23759586,0.3831644,407.24637,135.26378,0.25872284,10.474756,0.62076026,2023
2023-05-15,6W,0.29429284,0.5589809,0.22212984,0.2188893,0.26468801,503.60913,134.40764,0.28556693,10.911405,0.4835773,2023
2023-05-16,13W,0.24608417,0.6255088,0.14349528,0.23099591,0.37942463,426.5054,135.1898,0.2647514,10.555436,0.6104205,2023
2023-05-16,6W,0.2908174,0.5524537,0.23575309,0.21179324,0.26163626,522.1043,134.43985,0.29168394,11.039038,0.4734295,2023
2023-05-17,13W,0.24361727,0.61900914,0.15671915,0.22427168,0.3753919,446.13715,135.09335,0.27094424,10.62311,0.59966356,2023
2023-05-17,6W,0.28733185,0.5457785,0.24962266,0.20459886,0.25844663,540.7009,134.463,0.29788712,11.157065,0.4630455,2023
2023-05-18,13W,0.24116196,0.61222774,0.17032881,0.2174434,0.37106583,466.09335,134.97443,0.27728713,10.677059,0.5885092,2023
2023-05-18,6W,0.2838551,0.5389744,0.26369587,0.19732974,0.25511926,559.3581,134.47707,0.30415905,11.25088,0.45244902,2023
2023-05-19,13W,0.23873287,0.6051809,0.18428738,0.21053174,0.36644801,486.32385,134.87514,0.28376502,10.722094,0.5769797,2023
2023-05-19,6W,0.28040588,0.5320615,0.27792895,0.19000956,0.25165564,578.0343,134.52464,0.31048197,11.307787,0.44166514,2023
2023-05-20,13W,0.23634438,0.5978865,0.19855577,0.20355774,0.36154208,506.7775,134.86143,0.2903623,10.760611,0.56509984,2023
2023-05-20,6W,0.27700236,0.5250606,0.29227716,0.18266223,0.24805824,596.68726,134.58067,0.3168379,11.318496,0.43072045,2023
2023-05-21,13W,0.23399451,0.59029084,0.213228,0.19648118,0.3562963,527.4854,134.86693,0.29713112,10.796567,0.5527775,2023
2023-05-21,6W,0.27366406,0.5179582,0.30678207,0.17525966,0.24429418,615.2687,134.6554,0.3232529,11.279608,0.41955385,2023
2023-05-22,13W,0.23170002,0.58242935,0.22823523,0.18933544,0.35072935,548.3785,134.89905,0.3040423,10.829008,0.54006475,2023
2023-05-22,6W,0.27040815,0.5107834,0.32138112,0.16783549,0.2403752,633.73615,134.75458,0.32970038,11.195486,0.40821072,2023
2023-05-23,13W,0.22947723,0.5743384,0.24350804,0.18215357,0.3448612,569.38666,134.95781,0.31106645,10.859979,0.5270148,2023
2023-05-23,6W,0.26725128,0.5035653,0.3360117,0.16042301,0.23631401,652.04675,134.87822,0.33615384,11.073624,0.39673698,2023
2023-05-24,13W,0.22734182,0.56605506,0.2589766,0.17496832,0.33871326,590.43933,135.04321,0.31817397,10.885731,0.5136816,2023
2023-05-24,6W,0.26420954,0.49633366,0.3506111,0.15305525,0.2321241,670.1568,135.02634,0.34258667,10.925006,0.3851794,2023
2023-05-25,13W,0.22530901,0.55761737,0.27457076,0.16781192,0.3323083,611.46484,135.15527,0.32533497,10.900467,0.50012016,2023
2023-05-25,6W,0.2612986,0.48911858,0.36511657,0.14576483,0.22782002,688.0222,135.19893,0.3489723,10.763288,0.37358484,2023
2023-05-26,13W,0.22339338,0.5490636,0.2902202,0.16071624,0.3256702,632.3906,135.29396,0.33251938,10.899363,0.48638645,2023
2023-05-26,6W,0.25853345,0.48195043,0.37946558,0.13858399,0.22341703,705.598,135.396,0.35528412,10.604125,0.36200103,2023
2023-05-27,13W,0.22160894,0.540433,0.30585444,0.15371254,0.31882408,653.14325,135.4593,0.33969685,10.878452,0.47253662,2023
2023-05-27,6W,0.25592858,0.4748598,0.39359558,0.13154458,0.21893124,722.8387,135.61752,0.36149552,10.459666,0.35047582,2023
2023-05-28,13W,0.2200925,0.53145385,0.3217835,0.14676264,0.3113613,673.5674,135.65128,0.34703365,10.837024,0.45812398,2023
2023-05-28,6W,0.2536153,0.4679339,0.4074273,0.124638796,0.21431865,739.3409,135.86353,0.36757115,10.342237,0.33895746,2023
2023-05-29,13W,0.21868588,0.5227563,0.33722913,0.14001459,0.3040704,692.8076,135.8699,0.35414955,10.776366,0.44408497,2023
2023-05-29,6W,0.25143406,0.46126154,0.42077455,0.11796391,0.20982747,754.7663,136.13399,0.3733641,10.257999,0.3277914,2023
2023-05-30,13W,0.21748087,0.5139949,0.3526085,0.13339664,0.296514,711.7496,136.11514,0.3612356,10.698725,0.4299106,2023
2023-05-30,6W,0.24946932,0.45467713,0.43384963,0.11147325,0.20520777,769.78296,136.42892,0.37903118,10.211116,0.316681,2023
2023-05-31,13W,0.21640125,0.5051091,0.36815187,0.126739,0.28870782,730.64685,136.35323,0.3683353,10.609548,0.41544682,2023
2023-05-31,6W,0.24758074,0.4479349,0.44710886,0.10495628,0.20035414,785.16693,136.69537,0.3847513,10.199094,0.30531043,2023
2023-06-01,13W,0.21546957,0.49613908,0.38369173,0.12016917,0.28066948,749.4176,136.62387,0.3754183,10.517824,0.40083864,2023
2023-06-01,6W,0.2458525,0.44119543,0.46023884,0.09856571,0.19534293,800.43335,136.96516,0.39040822,10.21501,0.29390866,2023
2023-06-02,13W,0.21468085,0.48712668,0.39916277,0.11371053,0.27244583,768.0329,136.90208,0.38245466,10.4314995,0.38615638,2023
2023-06-02,6W,0.24428329,0.43447983,0.473197,0.09232316,0.19019657,815.5882,137.2158,0.39598572,10.250317,0.28251973,2023
2023-06-03,13W,0.21402952,0.47811174,0.4145027,0.10738551,0.26408225,786.4636,137.18788,0.3894153,10.358692,0.37146774,2023
2023-06-03,6W,0.24287108,0.42780828,0.48594293,0.08624883,0.18493721,830.6361,137.44731,0.4014682,10.300568,0.27118602,2023
2023-06-04,13W,0.21355715,0.46919444,0.42969245,0.1011131,0.25563726,804.4048,137.50777,0.39625472,10.300853,0.3567504,2023
2023-06-04,6W,0.24164431,0.42121446,0.49850395,0.08028161,0.17957015,845.4929,137.65836,0.40683013,10.357505,0.25985175,2023
2023-06-05,13W,0.21322732,0.460321,0.44470224,0.09497673,0.24709368,822.21313,137.86177,0.40299538,10.260073,0.34207043,2023
2023-06-05,6W,0.24059364,0.41470858,0.5108099,0.074481554,0.17411493,860.22186,137.84895,0.4120732,10.4195595,0.24859649,2023
2023-06-06,13W,0.213029,0.4515315,0.45946476,0.089003764,0.23850249,839.84766,138.2713,0.40960488,10.236463,0.32750627,2023
2023-06-06,6W,0.23971024,0.4083069,0.5228194,0.0688737,0.16859666,874.83575,138.06674,0.417183,10.483034,0.23747036,2023
2023-06-07,13W,0.21295066,0.44286355,0.4739159,0.08322049,0.2299129,857.2674,138.73633,0.41605186,10.23046,0.3131334,2023
2023-06-07,6W,0.23898497,0.40202478,0.53449386,0.06348137,0.16303976,889.34625,138.31177,0.422146,10.546651,0.22652112,2023
2023-06-08,13W,0.21295884,0.4342057,0.48815078,0.07764355,0.22124687,874.6744,139.25691,0.42239478,10.238988,0.2988904,2023
2023-06-08,6W,0.23838425,0.39579114,0.5459115,0.058297276,0.15740693,903.8375,138.584,0.4270153,10.610188,0.21570422,2023
2023-06-09,13W,0.21306278,0.42569056,0.5020169,0.07229254,0.21262777,891.9368,139.77031,0.42855382,10.256071,0.2849203,2023
2023-06-09,6W,0.23791057,0.38966992,0.55697876,0.05335131,0.15175934,918.34247,138.85764,0.43174383,10.674614,0.20511067,2023
2023-06-10,13W,0.21325216,0.41734916,0.5154698,0.06718104,0.204097,909.0347,140.27652,0.43450475,10.2774935,0.27127802,2023
2023-06-10,6W,0.23755206,0.3836695,0.5676693,0.04866124,0.14611739,932.88544,139.13268,0.43632358,10.734359,0.19477864,2023
2023-06-11,13W,0.21351592,0.40920874,0.52846485,0.06232644,0.1956928,925.94885,140.77557,0.44022447,10.301806,0.25801924,2023
2023-06-11,6W,0.23729762,0.37779894,0.5779607,0.044240292,0.1405013,947.4908,139.40907,0.4407475,10.788216,0.18474162,2023
2023-06-12,13W,0.21384175,0.40129367,0.540958,0.05774841,0.18745188,942.661,141.25998,0.44569096,10.327821,0.24520028,2023
2023-06-12,6W,0.23713522,0.37206557,0.58783233,0.040102098,0.13493036,962.18243,139.6811,0.44500923,10.830778,0.17503245,2023
2023-06-13,13W,0.21430486,0.3938223,0.55282134,0.05335637,0.17951743,959.1102,141.72975,0.4507854,10.353668,0.23287378,2023
2023-06-13,6W,0.23713548,0.36659113,0.59720045,0.036208414,0.12945564,976.96686,139.94875,0.44903746,10.863521,0.16566406,2023
2023-06-14,13W,0.2148291,0.3866365,0.56410074,0.049262695,0.17180741,975.30164,142.18488,0.45557335,10.377512,0.22107013,2023
2023-06-14,6W,0.2372112,0.3612676,0.6061191,0.03261329,0.12405639,991.89905,140.21199,0.4528894,10.885518,0.15666968,2023
2023-06-15,13W,0.21539453,0.3797485,0.5747595,0.04549201,0.16435397,991.2257,142.62537,0.46004075,10.398136,0.20984598,2023
2023-06-15,6W,0.23734595,0.35609692,0.6145751,0.029327983,0.118750945,1007.0016,140.47083,0.45656356,10.898769,0.14807893,2023
2023-06-16,13W,0.21598323,0.37317416,0.58477116,0.042054646,0.15719095,1006.8733,142.91368,0.46417448,10.417688,0.19924562,2023
2023-06-16,6W,0.23752216,0.35107914,0.622555,0.026365863,0.11355699,1022.29614,140.5961,0.46005896,10.90725,0.13992286,2023
2023-06-17,13W,0.2165558,0.3669494,0.59408516,0.038965374,0.1503936,1022.2454,143.00627,0.46793565,10.434377,0.18935902,2023
2023-06-17,6W,0.23768802,0.3461913,0.6300547,0.023753988,0.10850328,1037.81,140.53822,0.4633701,10.913887,0.13225727,2023
2023-06-18,13W,0.21709754,0.36108214,0.602678,0.036239825,0.1439846,1037.3331,143.0549,0.4713178,10.449315,0.18022442,2023
2023-06-18,6W,0.23783138,0.34143597,0.6370606,0.021503486,0.10360456,1053.5642,140.45804,0.46649835,10.924867,0.12510805,2023
2023-06-19,13W,0.21754603,0.3554611,0.61062104,0.033917896,0.13791506,1052.1731,143.05956,0.47437623,10.460739,0.17183293,2023
2023-06-19,6W,0.2379428,0.33680624,0.6435352,0.019658575,0.098863445,1069.7798,140.35551,0.46945074,10.941644,0.118522026,2023
2023-06-20,13W,0.21790214,0.35012436,0.617887,0.03198862,0.13222224,1066.75,143.02026,0.47709498,10.470805,0.16421087,2023
2023-06-20,6W,0.23801026,0.33230683,0.64947534,0.018217795,0.094296575,1086.4427,140.23071,0.47222918,10.962835,0.112514384,2023
2023-06-21,13W,0.21819538,0.34492093,0.62466437,0.030414695,0.12672554,1081.2972,142.97086,0.47959322,10.479061,0.15714024,2023
2023-06-21,6W,0.23804967,0.32787418,0.6549948,0.017131055,0.08982452,1103.4795,140.13654,0.47490263,10.986301,0.106955566,2023
2023-06-22,13W,0.21850698,0.33995184,0.63088393,0.02916419,0.12144486,1095.907,142.87154,0.48183525,10.48931,0.15060905,2023
2023-06-22,6W,0.23807494,0.32353768,0.66006476,0.01639761,0.08546273,1120.8749,140.0412,0.47746646,11.01202,0.10186034,2023
2023-06-23,13W,0.2187917,0.33526093,0.6365448,0.028194234,0.116469234,1110.4635,142.84532,0.48380682,10.504084,0.14466347,2023
2023-06-23,6W,0.23810156,0.31935295,0.6646728,0.015974235,0.08125139,1138.514,140.01845,0.47987464,11.037938,0.097225614,2023
2023-06-24,13W,0.21899457,0.33086196,0.6416471,0.027490912,0.11186738,1124.964,142.80406,0.48548448,10.525216,0.13935831,2023
2023-06-24,6W,0.23811339,0.31529847,0.6688941,0.01580742,0.07718509,1156.3601,140.02994,0.48215455,11.060145,0.0929925,2023
2023-06-25,13W,0.21915668,0.326757,0.64619434,0.027048659,0.107600324,1139.3577,142.74774,0.4868396,10.550814,0.13464898,2023
2023-06-25,6W,0.23810354,0.3113904,0.6727256,0.015883991,0.07328683,1174.4066,140.07562,0.48428538,11.0758915,0.08917083,2023
2023-06-26,13W,0.2192723,0.3229342,0.6502071,0.026858628,0.10366195,1153.64,142.67638,0.487887,10.581886,0.13052058,2023
2023-06-26,6W,0.23806365,0.30762973,0.6761812,0.016189083,0.06956606,1192.6246,140.15555,0.4862696,11.084634,0.085755154,2023
2023-06-27,13W,0.21933593,0.3193847,0.6537077,0.02690766,0.100048795,1167.8083,142.58994,0.4886425,10.615337,0.12695645,2023
2023-06-27,6W,0.23798214,0.30401614,0.6792657,0.016718123,0.06603404,1210.9854,140.26967,0.4881103,11.084138,0.082752176,2023
2023-06-28,13W,0.21930313,0.31607735,0.6567211,0.027201517,0.09677421,1181.8503,142.48846,0.48914674,10.647482,0.12397574,2023
2023-06-28,6W,0.23784196,0.30051807,0.6820121,0.01746985,0.06267611,1229.4729,140.41801,0.489839,11.074429,0.080145955,2023
2023-06-29,13W,0.21915828,0.31300887,0.6592647,0.02772643,0.09385058,1195.7648,142.37192,0.48942116,10.672428,0.121577024,2023
2023-06-29,6W,0.23763354,0.29711863,0.68444,0.01844131,0.0594851,1248.062,140.60059,0.4914643,11.057789,0.077926405,2023
2023-06-30,13W,0.21889806,0.31014034,0.6613871,0.028472608,0.091242276,1209.553,142.26093,0.48948812,10.682631,0.11971488,2023
2023-06-30,6W,0.23734401,0.29380652,0.6865614,0.01963204,0.056462534,1266.728,140.80063,0.49299556,11.031823,0.076094575,2023
2023-07-01,13W,0.21855089,0.30748293,0.6630773,0.029439744,0.08893206,1223.2117,142.15547,0.48933926,10.673623,0.118371814,2023
2023-07-01,6W,0.23698257,0.2905835,0.6883789,0.021037603,0.053600933,1285.4437,141.01817,0.49443316,10.999804,0.07463853,2023
2023-07-02,13W,0.21802288,0.3048966,0.66441387,0.03068953,0.08687372,1237.167,141.91127,0.48902243,10.644285,0.117563255,2023
2023-07-02,6W,0.23649228,0.2873581,0.68989074,0.022751138,0.05086582,1304.5049,141.07626,0.49581188,10.961437,0.07361696,2023
2023-07-03,13W,0.21731594,0.30238128,0.6653865,0.032232217,0.08506532,1251.349,141.66162,0.48855266,10.595396,0.117297545,2023
2023-07-03,6W,0.23587093,0.2841271,0.69111204,0.02476081,0.048256174,1323.8309,141.16228,0.49713704,10.918449,0.073016986,2023
2023-07-04,13W,0.2164759,0.29990354,0.6660149,0.03408154,0.08342764,1265.4196,141.40652,0.4880327,10.525815,0.11750917,2023
2023-07-04,6W,0.23516051,0.28093493,0.6920956,0.026969517,0.045774393,1343.1384,141.27614,0.49845177,10.870554,0.0727439,2023
2023-07-05,13W,0.21550277,0.29746005,0.6663085,0.036231365,0.08195731,1279.3665,141.146,0.4874641,10.439867,0.11818868,2023
2023-07-05,6W,0.23435892,0.27777737,0.69287944,0.029343192,0.04341845,1362.3896,141.4179,0.49975646,10.818617,0.07276164,2023
2023-07-06,13W,0.2143958,0.29505888,0.6662733,0.038667858,0.08066306,1293.1803,140.82065,0.48685002,10.344828,0.119330905,2023
2023-07-06,6W,0.2334593,0.27465487,0.6934903,0.03185478,0.04119558,1381.5485,141.41905,0.5010524,10.757847,0.07305035,2023
2023-07-07,13W,0.21322303,0.29283363,0.66589636,0.041270006,0.079610586,1306.7869,140.56804,0.48612937,10.242838,0.1208806,2023
2023-07-07,6W,0.23248567,0.27159187,0.6939901,0.034418017,0.039106194,1400.6987,141.40877,0.5023327,10.685834,0.073524214,2023
2023-07-08,13W,0.21198314,0.29076815,0.6652345,0.043997347,0.078784995,1320.1943,140.52054,0.48532015,10.136888,0.12278235,2023
2023-07-08,6W,0.23143044,0.26857814,0.69441754,0.037004318,0.03714769,1419.786,141.57207,0.50360274,10.603402,0.07415201,2023
2023-07-09,13W,0.21064642,0.2888101,0.6643761,0.046813883,0.07816368,1333.4309,140.52637,0.48445103,10.029712,0.124977574,2023
2023-07-09,6W,0.23026013,0.2655813,0.6948753,0.03954344,0.035321184,1438.7972,141.74814,0.5048979,10.509625,0.07486462,2023
2023-07-10,13W,0.20914288,0.28702372,0.66316825,0.04980802,0.07788085,1346.0789,140.58551,0.48344535,9.925274,0.12768887,2023
2023-07-10,6W,0.22888851,0.26260957,0.695308,0.042082347,0.03372108,1457.8158,141.93697,0.50619984,10.4050865,0.07580342,2023
2023-07-11,13W,0.207576,0.285341,0.6617452,0.05291384,0.07776499,1358.3577,140.66278,0.4823681,9.826409,0.13067882,2023
2023-07-11,6W,0.22745661,0.2596885,0.6956905,0.044620983,0.032231856,1476.5857,142.253,0.5074777,10.295723,0.076852836,2023
2023-07-12,13W,0.20593701,0.28373766,0.6601278,0.056134563,0.07780065,1370.3362,140.75815,0.48122615,9.734607,0.13393521,2023
2023-07-12,6W,0.22596793,0.2568157,0.69603175,0.04715252,0.03084779,1495.1162,142.69632,0.50873625,10.183084,0.07800031,2023
2023-07-13,13W,0.20423232,0.2822038,0.65834266,0.05945355,0.077971466,1381.99,140.85747,0.48003685,9.649122,0.13742502,2023
2023-07-13,6W,0.2244284,0.25399575,0.69633734,0.049666934,0.029567339,1513.3304,143.09059,0.5099707,10.07288,0.07923427,2023
2023-07-14,13W,0.20242848,0.28069583,0.65645134,0.06285285,0.07826734,1393.3536,140.83768,0.4788443,9.572714,0.1411202,2023
2023-07-14,6W,0.22281523,0.2512092,0.69664824,0.052142575,0.028393958,1531.2274,143.36203,0.5112078,9.96902,0.08053652,2023
2023-07-15,13W,0.20054063,0.27920732,0.6544799,0.06631278,0.0786667,1404.3959,140.78696,0.47766337,9.502681,0.14497949,2023
2023-07-15,6W,0.22114013,0.24846368,0.69696695,0.054569434,0.02732355,1548.722,143.54904,0.51243925,9.872931,0.08189298,2023
2023-07-16,13W,0.19858196,0.27772895,0.6524574,0.0698136,0.079146996,1415.0881,140.70532,0.47650996,9.43809,0.1489606,2023
2023-07-16,6W,0.21941526,0.24576591,0.6972981,0.056935977,0.02635066,1565.7323,143.65161,0.51365775,9.785077,0.083286636,2023
2023-07-17,13W,0.19659469,0.27626997,0.6504243,0.07330574,0.07967529,1425.3679,140.59274,0.4754025,9.375613,0.15298103,2023
2023-07-17,6W,0.21765378,0.24312282,0.6977487,0.059128486,0.02546902,1582.1892,143.66975,0.51489955,9.705981,0.08459751,2023
2023-07-18,13W,0.19458973,0.27481452,0.648416,0.07676949,0.08022476,1435.2185,140.44925,0.47435915,9.31475,0.15699427,2023
2023-07-18,6W,0.21586779,0.24053949,0.69830865,0.061151844,0.024671687,1598.0145,143.60347,0.51615226,9.634151,0.085823536,2023
2023-07-19,13W,0.1925693,0.27340093,0.64634967,0.08024939,0.08083163,1444.5679,140.27481,0.47332984,9.253673,0.16108102,2023
2023-07-19,6W,0.21408075,0.2380772,0.69884247,0.06308039,0.023996454,1613.1538,143.45274,0.51734746,9.571546,0.08707684,2023
2023-07-20,13W,0.1905516,0.27202657,0.64423615,0.08373721,0.081474975,1453.3802,140.06944,0.47231957,9.191593,0.1652122,2023
2023-07-20,6W,0.21230337,0.2357391,0.6993365,0.06492442,0.023435725,1627.5332,143.21758,0.51846796,9.517944,0.088360146,2023
2023-07-21,13W,0.18855618,0.27068686,0.6420918,0.08722135,0.0821307,1461.6206,139.96799,0.47133434,9.127669,0.16935205,2023
2023-07-21,6W,0.21054702,0.23352768,0.69978046,0.06669185,0.02298067,1641.0829,143.14423,0.51949775,9.473038,0.08967252,2023
2023-07-22,13W,0.18657717,0.26932704,0.63993186,0.09074115,0.08274987,1469.1454,139.97044,0.47038832,9.067594,0.17349102,2023
2023-07-22,6W,0.20881185,0.23139834,0.7001126,0.06848903,0.022586504,1653.6648,143.2327,0.520412,9.436828,0.09107553,2023
2023-07-23,13W,0.18459013,0.26789564,0.6375976,0.0945067,0.08330552,1476.2134,140.14876,0.469443,9.007934,0.17781222,2023
2023-07-23,6W,0.20709883,0.22936541,0.70021427,0.070420355,0.022266572,1665.2772,143.56917,0.52120024,9.41046,0.092686936,2023
2023-07-24,13W,0.18273014,0.26646554,0.6353755,0.09815895,0.08373542,1482.878,140.36961,0.46860301,8.951965,0.18189435,2023
2023-07-24,6W,0.2054555,0.22744665,0.7002997,0.072253704,0.021991141,1676.1301,143.96643,0.5218733,9.393521,0.094244845,2023
2023-07-25,13W,0.18101428,0.26502952,0.6332839,0.101686545,0.08401524,1489.0657,140.63304,0.4678678,8.900976,0.18570179,2023
2023-07-25,6W,0.20389247,0.2256493,0.7003596,0.07399113,0.021756835,1686.1213,144.42442,0.5224167,9.383778,0.09574797,2023
2023-07-26,13W,0.17929214,0.2638392,0.6310151,0.10514565,0.08454703,1494.8018,140.78308,0.46700457,8.856044,0.18969269,2023
2023-07-26,6W,0.2022788,0.2238747,0.7004516,0.07567361,0.021595929,1695.5757,144.62021,0.52282804,9.381932,0.097269535,2023
2023-07-27,13W,0.1777959,0.2625587,0.6290582,0.10838316,0.0847628,1500.8124,140.87912,0.46631214,8.8156,0.19314599,2023
2023-07-27,6W,0.20080546,0.22216085,0.70069903,0.07714014,0.021355368,1704.8579,144.72221,0.52325654,9.385749,0.09849551,2023
2023-07-28,13W,0.17643861,0.26146722,0.6270391,0.11149369,0.08502859,1506.277,141.08687,0.46558437,8.783622,0.19652228,2023
2023-07-28,6W,0.19941895,0.22063307,0.7008769,0.078490086,0.021214101,1713.3236,144.95752,0.523524,9.396626,0.09970418,2023
2023-07-29,13W,0.17522034,0.26055685,0.6249597,0.11448345,0.08533651,1511.1842,141.31757,0.46481556,8.757069,0.19981995,2023
2023-07-29,6W,0.19811948,0.21928994,0.7009607,0.07974934,0.021170497,1720.9246,145.19064,0.52361363,9.410415,0.10091983,2023
2023-07-30,13W,0.17414123,0.25981966,0.6228232,0.11735717,0.08567841,1515.526,141.57117,0.46400002,8.73957,0.2030356,2023
2023-07-30,6W,0.19690692,0.21813123,0.70092624,0.080942504,0.021224307,1727.6174,145.42163,0.5235095,9.42473,0.10216682,2023
2023-07-31,13W,0.17320114,0.25924757,0.6206314,0.12012102,0.086046435,1519.2971,141.69028,0.46313277,8.727905,0.20616743,2023
2023-07-31,6W,0.19578202,0.2171549,0.700752,0.08209308,0.02137286,1733.364,145.56657,0.5231972,9.437038,0.103465945,2023
2023-08-01,13W,0.1723746,0.2588198,0.618418,0.12276224,0.08644517,1522.4963,141.7101,0.46221352,8.721968,0.20920739,2023
2023-08-01,6W,0.19473483,0.21633415,0.70040727,0.08325856,0.021599324,1738.1456,145.51094,0.5226504,9.448593,0.10485788,2023
2023-08-02,13W,0.17161061,0.25846338,0.61612266,0.12541391,0.086852774,1525.4515,141.76057,0.46125713,8.719641,0.2122667,2023
2023-08-02,6W,0.19373316,0.21566339,0.6997874,0.084549196,0.021930227,1742.0386,145.37697,0.5218716,9.462338,0.106479436,2023
2023-08-03,13W,0.1709373,0.25823885,0.6136836,0.1280775,0.08730156,1527.8317,141.85583,0.46019754,8.723212,0.21537906,2023
2023-08-03,6W,0.19278978,0.21516067,0.69891495,0.08592436,0.022370918,1744.9742,145.34094,0.5208292,9.473641,0.10829528,2023
2023-08-04,13W,0.17035155,0.25814408,0.6110921,0.13076384,0.08779253,1529.6326,141.99588,0.45902625,8.727542,0.21855637,2023
2023-08-04,6W,0.19189925,0.21481954,0.69776756,0.08741292,0.022920283,1746.9437,145.40285,0.5195158,9.4801,0.1103332,2023
2023-08-05,13W,0.16985002,0.2581768,0.60833937,0.13348381,0.088326804,1530.8524,142.06976,0.45773503,8.735141,0.22181061,2023
2023-08-05,6W,0.19105613,0.2146339,0.69632316,0.08904302,0.023577731,1747.9452,145.3882,0.5179249,9.481991,0.11262075,2023
2023-08-06,13W,0.16945958,0.25834653,0.6054008,0.13625266,0.08888696,1531.4767,142.07748,0.4563045,8.747352,0.22513962,2023
2023-08-06,6W,0.19025454,0.2146253,0.6944923,0.09088243,0.024370736,1747.9335,145.29694,0.51603526,9.483153,0.115253165,2023
2023-08-07,13W,0.16917107,0.2586487,0.60227036,0.13908097,0.08947762,1531.5122,142.08826,0.45472857,8.761589,0.2285586,2023
2023-08-07,6W,0.18948923,0.21478271,0.6922677,0.092949614,0.02529347,1746.9252,145.22578,0.51384497,9.489294,0.11824308,2023
2023-08-08,13W,0.16897653,0.25908002,0.59894633,0.14197366,0.09010347,1530.9685,142.10214,0.45300153,8.775925,0.23207715,2023
2023-08-08,6W,0.18875459,0.21509497,0.689641,0.095264055,0.026340371,1744.9427,145.17467,0.51135325,9.497001,0.12160442,2023
2023-08-09,13W,0.16883811,0.25962216,0.5954189,0.14495905,0.09078403,1529.5896,142.1191,0.4511035,8.791129,0.2357431,2023
2023-08-09,6W,0.1880403,0.21552959,0.686642,0.09782845,0.027489308,1741.7362,145.14365,0.50856096,9.498516,0.12531775,2023
2023-08-10,13W,0.16875286,0.26027492,0.59168696,0.14803816,0.09152206,1527.4381,142.21616,0.44903144,8.805156,0.2395602,2023
2023-08-10,6W,0.18734232,0.21607952,0.6832597,0.100660756,0.028737187,1737.3883,145.38164,0.50546885,9.497638,0.12939794,2023
2023-08-11,13W,0.16859253,0.26076862,0.5878656,0.15136579,0.09217606,1524.7542,142.07446,0.44691217,8.821579,0.24354187,2023
2023-08-11,6W,0.18653038,0.21658841,0.6794853,0.103926264,0.03005804,1732.0123,145.14401,0.502121,9.497106,0.13398431,2023
2023-08-12,13W,0.16839705,0.26124394,0.5838862,0.15486984,0.09284689,1521.5729,141.83133,0.44467834,8.836257,0.24771675,2023
2023-08-12,6W,0.18566221,0.21713628,0.6752729,0.107590884,0.031474084,1725.666,144.72258,0.49847904,9.497764,0.13906495,2023
2023-08-13,13W,0.16815846,0.26169515,0.5797515,0.1585534,0.09353669,1517.9442,141.55904,0.44233066,8.847361,0.2520901,2023
2023-08-13,6W,0.18473388,0.21771203,0.67062855,0.111659415,0.032978147,1718.4385,144.20796,0.49455553,9.49404,0.14463757,2023
2023-08-14,13W,0.1678682,0.26211557,0.5754641,0.16242024,0.09424736,1513.9211,141.25764,0.43987012,8.856019,0.25666764,2023
2023-08-14,6W,0.18374108,0.2183051,0.6655586,0.11613628,0.034564044,1710.4215,143.6002,0.49036387,9.480448,0.15070032,2023
2023-08-15,13W,0.16754782,0.26247293,0.5710572,0.16646989,0.094925106,1509.5466,140.9564,0.43732953,8.861919,0.261395,2023
2023-08-15,6W,0.18271923,0.21892892,0.66005915,0.121011995,0.036209688,1701.7058,142.91605,0.48592427,9.46293,0.15722169,2023
2023-08-16,13W,0.1672153,0.26273364,0.56652695,0.17073944,0.09551832,1504.9823,140.81126,0.43472832,8.864182,0.26625776,2023
2023-08-16,6W,0.18167461,0.21956778,0.65407556,0.12635668,0.037893154,1692.4586,142.47842,0.4812369,9.444551,0.16424984,2023
2023-08-17,13W,0.16692412,0.26304048,0.56177175,0.17518777,0.09611638,1500.2129,140.82222,0.43199858,8.862123,0.27130416,2023
2023-08-17,6W,0.18059893,0.22021778,0.647644,0.13213824,0.039618846,1682.5334,142.2874,0.47631535,9.428474,0.17175709,2023
2023-08-18,13W,0.16667509,0.26340917,0.55678385,0.17980699,0.096734054,1495.2699,140.82352,0.42913386,8.852633,0.27654105,2023
2023-08-18,6W,0.17949136,0.22087315,0.6407841,0.13834281,0.041381802,1671.9847,142.11592,0.47117862,9.408939,0.1797246,2023
2023-08-19,13W,0.16646945,0.26385486,0.55155563,0.18458952,0.097385414,1490.1879,140.81514,0.42612782,8.838153,0.2819749,2023
2023-08-19,6W,0.17835112,0.2215274,0.633516,0.1449566,0.043176282,1660.8711,141.96396,0.46584672,9.387975,0.18813287,2023
2023-08-20,13W,0.16620965,0.26427588,0.54618365,0.18954052,0.0980662,1484.9257,140.64604,0.4230258,8.817603,0.2876067,2023
2023-08-20,6W,0.17716199,0.2221487,0.62594116,0.15191016,0.0449867,1649.2454,141.70099,0.46036217,9.358017,0.19689685,2023
2023-08-21,13W,0.16588096,0.26466903,0.5406756,0.19465545,0.09878805,1479.5096,140.47362,0.41983005,8.789663,0.2934435,2023
2023-08-21,6W,0.17592093,0.22272497,0.61809546,0.15917955,0.046804026,1637.1697,141.41095,0.45474946,9.31047,0.20598358,2023
2023-08-22,13W,0.16551809,0.26500794,0.53507054,0.19992152,0.099489816,1473.9705,140.40155,0.41658753,8.755057,0.29941133,2023
2023-08-22,6W,0.17463967,0.22326988,0.6099742,0.1667559,0.048630234,1624.7107,141.18709,0.44901246,9.235247,0.21538614,2023
2023-08-23,13W,0.16511033,0.26527798,0.5293596,0.20536244,0.10016764,1468.325,140.2999,0.41328365,8.713025,0.3055301,2023
2023-08-23,6W,0.17331009,0.22374694,0.60155743,0.17469572,0.050436832,1611.9159,140.9072,0.44313785,9.126353,0.22513255,2023
2023-08-24,13W,0.16463979,0.26555932,0.5235381,0.21090253,0.10091956,1462.5801,140.16867,0.40994093,8.662351,0.3118221,2023
2023-08-24,6W,0.17189823,0.22422633,0.5928857,0.18288808,0.052328084,1598.8033,140.57127,0.43717015,8.980448,0.23521616,2023
2023-08-25,13W,0.16409032,0.26566407,0.5177192,0.21661673,0.10157371,1456.8062,140.0065,0.40659907,8.602926,0.31819043,2023
2023-08-25,6W,0.17042547,0.22455032,0.58409464,0.19135505,0.05412483,1585.575,140.19002,0.431161,8.804693,0.2454799,2023
2023-08-26,13W,0.16349848,0.26567823,0.5118752,0.22244658,0.10217974,1451.1461,139.92427,0.40329057,8.537491,0.32462633,2023
2023-08-26,6W,0.16893148,0.22482525,0.5751505,0.20002428,0.05589374,1572.2893,139.93793,0.4251485,8.603549,0.25591803,2023
2023-08-27,13W,0.16285402,0.26559138,0.5060239,0.22838478,0.10273739,1445.6213,139.92206,0.40002257,8.466189,0.33112216,2023
2023-08-27,6W,0.16741356,0.22504094,0.5660921,0.20886697,0.057627365,1559.0178,139.815,0.41915432,8.389917,0.26649433,2023
2023-08-28,13W,0.16215883,0.26546812,0.50014657,0.23438537,0.103309296,1440.2622,139.90025,0.3967395,8.390706,0.33769464,2023
2023-08-28,6W,0.16585664,0.22522992,0.5569375,0.2178326,0.059373256,1545.8143,139.68108,0.41313526,8.181189,0.27720585,2023
2023-08-29,13W,0.16140044,0.26528323,0.4942678,0.24044897,0.103882805,1435.0946,139.85884,0.39346167,8.312956,0.3443318,2023
2023-08-29,6W,0.16426057,0.22537231,0.5477307,0.22689699,0.06111175,1532.7601,139.53616,0.40712625,7.986736,0.28800875,2023
2023-08-30,13W,0.16068253,0.2651721,0.48836103,0.24646689,0.10448957,1429.6453,139.83209,0.39017588,8.235443,0.35095647,2023
2023-08-30,6W,0.16268443,0.22555909,0.5385444,0.23589645,0.06287466,1519.5608,139.42604,0.40113232,7.817517,0.2987711,2023
2023-08-31,13W,0.15999651,0.26507336,0.48244682,0.25247982,0.10507685,1423.8586,139.74294,0.38690394,8.16174,0.35755667,2023
2023-08-31,6W,0.16112173,0.22572866,0.5294325,0.24483888,0.064606935,1506.2454,139.10179,0.39518952,7.675972,0.30944583,2023
2023-09-01,13W,0.15929519,0.26503104,0.47651246,0.25845647,0.10573587,1418.0085,139.77542,0.3835579,8.095144,0.36419234,2023
2023-09-01,6W,0.15953217,0.22583897,0.52040595,0.25375503,0.0663068,1493.0841,139.06172,0.38928387,7.5596623,0.32006183,2023
2023-09-02,13W,0.15856797,0.26509127,0.47056463,0.2643441,0.10652333,1412.0201,139.79224,0.38013273,8.032526,0.37086737,2023
2023-09-02,6W,0.15791108,0.22592624,0.5115185,0.26255533,0.06801516,1480.0808,139.01413,0.38344413,7.463237,0.33057052,2023
2023-09-03,13W,0.15781862,0.26526597,0.46461698,0.27011704,0.107447326,1405.9113,139.79343,0.3766272,7.976683,0.37756443,2023
2023-09-03,6W,0.15626407,0.22598521,0.50281346,0.27120134,0.06972112,1467.3146,138.95897,0.37769237,7.3839383,0.34092247,2023
2023-09-04,13W,0.15697205,0.26540607,0.4587295,0.27586442,0.10843402,1399.7809,139.77664,0.3731179,7.926014,0.38429844,2023
2023-09-04,6W,0.15456247,0.22598922,0.49430344,0.27970737,0.071426734,1454.7252,138.88353,0.37206182,7.3143654,0.35113412,2023
2023-09-05,13W,0.15601948,0.2654998,0.45292345,0.2815768,0.1094803,1393.6619,139.71263,0.36961555,7.8808904,0.3910571,2023
2023-09-05,6W,0.15280613,0.2259297,0.48602855,0.28804174,0.07312356,1442.372,138.77103,0.36657637,7.2548475,0.36116531,2023
2023-09-06,13W,0.15498339,0.26557642,0.44717193,0.28725165,0.110593036,1387.5674,139.60135,0.36611992,7.839806,0.39784467,2023
2023-09-06,6W,0.15102284,0.22583394,0.4779437,0.29622236,0.07481111,1430.2684,138.62149,0.36122543,7.2002134,0.3710335,2023
2023-09-07,13W,0.15386009,0.26562893,0.44148973,0.29288137,0.11176884,1381.5303,139.44286,0.3626404,7.801935,0.4046502,2023
2023-09-07,6W,0.14921634,0.22569911,0.47007552,0.30422536,0.07648275,1418.4681,138.43492,0.35602748,7.1506987,0.38070807,2023
2023-09-08,13W,0.15264566,0.2656506,0.43589112,0.29845834,0.11300492,1375.5841,139.2371,0.35918635,7.766012,0.41146323,2023
2023-09-08,6W,0.1473903,0.22552244,0.46245065,0.31202686,0.07813215,1407.0255,138.21127,0.3510009,7.1048636,0.39015904,2023
2023-09-09,13W,0.15131289,0.26560846,0.4304034,0.30398816,0.11429558,1369.6692,138.9841,0.35578048,7.73407,0.41828373,2023
2023-09-09,6W,0.14550301,0.2252461,0.45510954,0.31964436,0.079743065,1395.9039,137.95059,0.3461596,7.0643773,0.39938742,2023
2023-09-10,13W,0.14989068,0.26553148,0.42501506,0.30945352,0.11564083,1363.7579,138.83495,0.35242334,7.70189,0.42509434,2023
2023-09-10,6W,0.14359604,0.22493052,0.4480553,0.3270142,0.081334464,1385.1101,137.7834,0.3415116,7.0302014,0.40834868,2023
2023-09-11,13W,0.14843105,0.26545602,0.4197068,0.31483722,0.117024966,1357.8113,138.75334,0.34909704,7.6717215,0.43186218,2023
2023-09-11,6W,0.141712,0.22460458,0.44127303,0.3341223,0.08289262,1374.6061,137.73192,0.3370374,7.002703,0.41701493,2023
2023-09-12,13W,0.146943,0.26538572,0.41448838,0.3201259,0.118442714,1351.8501,138.68411,0.3458091,7.641661,0.43856862,2023
2023-09-12,6W,0.1398629,0.22427388,0.4347819,0.34094423,0.08441097,1364.4252,137.69232,0.33274767,6.978981,0.42535523,2023
2023-09-13,13W,0.14543574,0.2653244,0.40936914,0.32530648,0.11988864,1345.894,138.59503,0.3425671,7.614815,0.4451951,2023
2023-09-13,6W,0.1380608,0.223944,0.42860025,0.3474558,0.0858832,1354.6008,137.6416,0.32865247,6.958043,0.433339,2023
2023-09-14,13W,0.14388235,0.26525664,0.40433726,0.33040616,0.12137427,1340.0065,138.49655,0.3393767,7.5872397,0.4517804,2023
2023-09-14,6W,0.13631481,0.22362211,0.42261735,0.3537605,0.08730733,1345.154,137.55286,0.32471192,6.93802,0.44106784,2023
2023-09-15,13W,0.1422865,0.2651834,0.39939764,0.33541897,0.12289689,1334.215,138.39008,0.336245,7.5592737,0.45831585,2023
2023-09-15,6W,0.13463622,0.22331469,0.41683006,0.35985526,0.08867846,1336.1147,137.41537,0.32092732,6.9176083,0.4485337,2023
2023-09-16,13W,0.140687,0.26512042,0.3945402,0.34033942,0.12443344,1328.4967,138.26953,0.3331648,7.529548,0.46477282,2023
2023-09-16,6W,0.1330251,0.22298814,0.41128635,0.36572552,0.08996305,1327.4968,137.2763,0.31730542,6.895802,0.45568857,2023
2023-09-17,13W,0.13905735,0.26508614,0.3898184,0.3450955,0.12602878,1323.1046,138.13489,0.33015656,7.5008764,0.47112423,2023
2023-09-17,6W,0.13145176,0.22267117,0.4059846,0.37134424,0.09121942,1319.4696,137.13565,0.31382775,6.8709197,0.46256366,2023
2023-09-18,13W,0.13747156,0.26510954,0.38512826,0.34976217,0.12763801,1317.756,138.0165,0.32719058,7.4720554,0.47740015,2023
2023-09-18,6W,0.12998119,0.22234625,0.40092915,0.3767246,0.092365034,1311.8167,137.0369,0.3105145,6.843228,0.46908963,2023
2023-09-19,13W,0.13596693,0.26525018,0.38048476,0.354265,0.12928326,1312.6107,137.96567,0.3242649,7.4436836,0.4835483,2023
2023-09-19,6W,0.12863459,0.22207537,0.3961892,0.38173544,0.093440786,1304.6608,136.98428,0.30737793,6.8121963,0.47517624,2023
2023-09-20,13W,0.13459593,0.26559806,0.3761125,0.35828948,0.13100211,1307.2897,137.94818,0.32143733,7.412949,0.48929158,2023
2023-09-20,6W,0.12745206,0.22188623,0.39191225,0.3862015,0.09443419,1297.898,136.93204,0.3044089,6.779366,0.4806357,2023
2023-09-21,13W,0.13325644,0.26608384,0.37176758,0.36214855,0.13282739,1301.6788,137.93134,0.31861517,7.382589,0.49497595,2023
2023-09-21,6W,0.12640008,0.22177033,0.38789168,0.390338,0.095370255,1291.269,136.88808,0.30158377,6.743226,0.48570824,2023
2023-09-22,13W,0.13192724,0.26670322,0.3674423,0.36585447,0.13477598,1295.7683,137.91516,0.31579596,7.351467,0.50063044,2023
2023-09-22,6W,0.12544914,0.22172642,0.38411242,0.39416116,0.096277304,1284.8014,136.85246,0.29889897,6.7059283,0.49043846,2023
2023-09-23,13W,0.13061841,0.26746055,0.36313277,0.36940667,0.13684213,1289.5508,137.89966,0.31297547,7.320145,0.50624883,2023
2023-09-23,6W,0.12460641,0.22175863,0.38057286,0.3976685,0.097152226,1278.4929,136.82513,0.29635152,6.667734,0.49482077,2023
2023-09-24,13W,0.12929793,0.26823112,0.35890505,0.3728638,0.13893321,1283.2126,137.8848,0.31019363,7.288418,0.511797,2023
2023-09-24,6W,0.12384059,0.22179943,0.37721345,0.4009871,0.097958855,1272.3767,136.80615,0.2939196,6.628818,0.498946,2023
2023-09-25,13W,0.12798843,0.26899,0.35474712,0.37626287,0.1410016,1276.7498,137.87291,0.30744112,7.255525,0.5172645,2023
2023-09-25,6W,0.123163484,0.22184712,0.3740054,0.40414748,0.09868366,1266.4551,136.80821,0.29159334,6.5898256,0.50283116,2023
2023-09-26,13W,0.12668897,0.26972374,0.35066637,0.3796099,0.14303477,1270.1846,137.86398,0.3047215,7.2202735,0.5226447,2023
2023-09-26,6W,0.122572966,0.22189456,0.37093672,0.40716872,0.0993216,1260.7218,136.83131,0.28936487,6.5515823,0.5064903,2023
2023-09-27,13W,0.1253984,0.27041894,0.34666923,0.3829118,0.14502056,1263.5381,137.85802,0.30203775,7.1847715,0.5279324,2023
2023-09-27,6W,0.122066505,0.22193462,0.36799407,0.4100713,0.099868126,1255.1685,136.87549,0.28722546,6.5162907,0.50993943,2023
2023-09-28,13W,0.12411536,0.2710621,0.3427613,0.3861766,0.14694676,1256.8301,137.78842,0.29939255,7.1474257,0.5331234,2023
2023-09-28,6W,0.12164107,0.22196047,0.36516255,0.41287702,0.10031939,1249.7832,136.86496,0.28516543,6.4833,0.5131964,2023
2023-09-29,13W,0.12287127,0.2716564,0.33891842,0.3894252,0.14878513,1250.0781,137.72841,0.29678285,7.109027,0.5382104,2023
2023-09-29,6W,0.121307306,0.22199868,0.36244267,0.4155587,0.10069135,1244.5348,136.86143,0.28318906,6.4542,0.51624995,2023
2023-09-30,13W,0.121669814,0.2721909,0.33514,0.39266908,0.15052108,1243.299,137.67802,0.29420966,7.067916,0.5431902,2023
2023-09-30,6W,0.121063665,0.22204797,0.35981935,0.4181327,0.10098432,1239.403,136.86488,0.28128728,6.427306,0.519117,2023
2023-10-01,13W,0.12050131,0.2726622,0.33145374,0.39588404,0.15216088,1236.4943,137.63722,0.291684,7.0244036,0.5480449,2023
2023-10-01,6W,0.1208888,0.22207868,0.35726485,0.4206565,0.10118988,1234.376,136.8753,0.2794593,6.405498,0.52184635,2023
2023-10-02,13W,0.1193671,0.27306068,0.3278616,0.3990777,0.15369359,1229.6758,137.64232,0.2892077,6.9775786,0.5527713,2023
2023-10-02,6W,0.12077733,0.22208555,0.35475942,0.42315507,0.10130823,1229.4297,136.87053,0.2776959,6.387274,0.5244633,2023
2023-10-03,13W,0.11827101,0.2733632,0.3243607,0.40227613,0.1550922,1222.8538,137.64482,0.28677705,6.929162,0.55736834,2023
2023-10-03,6W,0.12073328,0.2220327,0.35227862,0.4256887,0.101299435,1224.5366,136.86105,0.27598146,6.372484,0.5269881,2023
2023-10-04,13W,0.11717898,0.27354935,0.32097936,0.40547127,0.15637039,1216.0547,137.67694,0.2844075,6.8770304,0.56184167,2023
2023-10-04,6W,0.120749295,0.22188523,0.34988362,0.42823115,0.101135924,1219.7223,136.86989,0.27432495,6.3572574,0.5293671,2023
2023-10-05,13W,0.11608602,0.27361,0.31772223,0.40866777,0.15752394,1209.2883,137.72829,0.28210267,6.8236494,0.56619173,2023
2023-10-05,6W,0.120817125,0.22163814,0.3475643,0.43079752,0.10082101,1214.962,136.92395,0.27271894,6.3414745,0.53161854,2023
2023-10-06,13W,0.11498686,0.27353576,0.3145932,0.41187105,0.1585489,1202.5626,137.68297,0.27986598,6.7685275,0.57041997,2023
2023-10-06,6W,0.1209281,0.22128622,0.3453094,0.43340436,0.10035811,1210.229,136.97118,0.27115524,6.3197136,0.5337625,2023
2023-10-07,13W,0.11391171,0.2733369,0.3116004,0.41506276,0.15942512,1196.2023,137.65912,0.277717,6.7125463,0.57448786,2023
2023-10-07,6W,0.12107873,0.2208507,0.3430572,0.43609214,0.09977197,1205.8201,137.02663,0.26962376,6.29218,0.53586406,2023
2023-10-08,13W,0.11286045,0.27300695,0.30874678,0.41824627,0.1601465,1190.2633,137.65678,0.27566105,6.6559987,0.5783928,2023
2023-10-08,6W,0.12126053,0.22033022,0.34078622,0.4388836,0.099069685,1201.7554,137.09029,0.2681148,6.255753,0.53795326,2023
2023-10-09,13W,0.11185641,0.27257907,0.3060227,0.4213982,0.16072269,1184.6555,137.67863,0.2736866,6.6011043,0.5821209,2023
2023-10-09,6W,0.121498756,0.2197447,0.33856377,0.44169152,0.09824593,1198.0449,137.15009,0.26665953,6.2136655,0.53993744,2023
2023-10-10,13W,0.11090308,0.2720534,0.30342776,0.42451882,0.16115034,1179.4121,137.67334,0.27179563,6.5461693,0.58566916,2023
2023-10-10,6W,0.12178974,0.21909608,0.33638036,0.44452354,0.09730633,1194.7053,137.2018,0.26525357,6.1680365,0.5418299,2023
2023-10-11,13W,0.11000401,0.27143022,0.3009608,0.427609,0.1614262,1174.5657,137.64903,0.26998997,6.4922523,0.5890352,2023
2023-10-11,6W,0.12212961,0.21838638,0.33422554,0.4473881,0.09625673,1191.7524,137.26018,0.26389202,6.121465,0.54364485,2023
2023-10-12,13W,0.109135486,0.27067697,0.29865614,0.43066686,0.1615415,1170.1636,137.63838,0.26827914,6.439066,0.5922084,2023
2023-10-12,6W,0.12249708,0.21762572,0.33211082,0.45026344,0.09512866,1189.2291,137.31721,0.26257712,6.074253,0.5453921,2023
2023-10-13,13W,0.10830583,0.26980034,0.29650414,0.43369552,0.16149446,1166.2345,137.64139,0.26666278,6.386729,0.59519005,2023
2023-10-13,6W,0.122891136,0.21681477,0.3300199,0.45316532,0.09392364,1187.1443,137.37291,0.26130155,6.0295186,0.54708904,2023
2023-10-14,13W,0.107495815,0.26883364,0.29450688,0.43665951,0.16133781,1162.681,137.71794,0.26512483,6.3343325,0.5979973,2023
2023-10-14,6W,0.12330481,0.21596475,0.32800773,0.45602754,0.09265993,1185.4235,137.4712,0.26007664,5.9868145,0.5486875,2023
2023-10-15,13W,0.10670974,0.2678276,0.29261425,0.43955812,0.16111788,1159.6011,137.86806,0.26366222,6.2823153,0.600676,2023
2023-10-15,6W,0.12370049,0.21512067,0.32603183,0.45884746,0.09142021,1184.1013,137.61208,0.25890914,5.9464374,0.5502677,2023
2023-10-16,13W,0.105951004,0.2667864,0.29082495,0.44238862,0.16083542,1156.9849,138.09172,0.262271,6.230945,0.6032241,2023
2023-10-16,6W,0.12408171,0.2142776,0.32409242,0.46162996,0.0901959,1183.1628,137.79555,0.25779164,5.9059763,0.5518259,2023
2023-10-17,13W,0.105235815,0.2656922,0.28912145,0.44518635,0.1604564,1154.7598,138.38893,0.26092848,6.1806817,0.6056427,2023
2023-10-17,6W,0.12450316,0.21335989,0.32217848,0.46446165,0.08885672,1182.5944,138.02162,0.25667986,5.862023,0.5533184,2023
2023-10-18,13W,0.104564734,0.2645541,0.28750378,0.4479421,0.15998937,1152.9259,138.75969,0.2596333,6.131056,0.60793144,2023
2023-10-18,6W,0.12495796,0.21237619,0.32029128,0.46733254,0.08741822,1182.379,138.29027,0.25557238,5.812471,0.5547508,2023
2023-10-19,13W,0.103938475,0.2633817,0.28597096,0.4506473,0.15944323,1151.4823,139.27061,0.25838357,6.081826,0.61009055,2023
2023-10-19,6W,0.12543905,0.21133514,0.31843147,0.47023344,0.08589605,1182.4983,138.67726,0.25446722,5.7586007,0.55612946,2023
2023-10-20,13W,0.103360504,0.26216388,0.2845442,0.45329192,0.15880336,1150.4302,139.84845,0.25717956,6.0328803,0.6120953,2023
2023-10-20,6W,0.12594932,0.21024118,0.316614,0.4731448,0.08429186,1182.8884,139.12093,0.2533694,5.701285,0.55743665,2023
2023-10-21,13W,0.10283359,0.26092127,0.2832448,0.45583394,0.15808769,1149.7825,140.49323,0.2560472,5.9856243,0.6139216,2023
2023-10-21,6W,0.12648802,0.20913804,0.31489637,0.47596553,0.08265005,1183.5609,139.62126,0.2523171,5.642868,0.55861557,2023
2023-10-22,13W,0.1023738,0.2595647,0.28210923,0.45832607,0.15719092,1149.5702,141.07599,0.25497884,5.9386854,0.61551696,2023
2023-10-22,6W,0.12709011,0.20795323,0.31329295,0.4787538,0.08086312,1184.5723,140.07755,0.25129506,5.5848937,0.5596169,2023
2023-10-23,13W,0.101993166,0.25828815,0.28102258,0.46068928,0.15629496,1149.7626,141.59679,0.25394365,5.891707,0.6169842,2023
2023-10-23,6W,0.12773424,0.20685479,0.31168875,0.48145646,0.07912055,1185.7848,140.48976,0.2502737,5.527994,0.560577,2023
2023-10-24,13W,0.10164714,0.2570235,0.28000757,0.46296895,0.15537636,1150.2323,142.05559,0.25290972,5.8447328,0.61834526,2023
2023-10-24,6W,0.12837262,0.20575091,0.310134,0.48411515,0.077378295,1187.1863,140.85797,0.24923028,5.4736867,0.5614934,2023
2023-10-25,13W,0.1013316,0.25578487,0.27905282,0.46516228,0.15445328,1150.9548,142.45242,0.2518663,5.7973766,0.61961555,2023
2023-10-25,6W,0.12899418,0.20465024,0.30862495,0.48672488,0.07565602,1188.7537,141.18211,0.24815574,5.42313,0.56238085,2023
2023-10-26,13W,0.101030886,0.25449756,0.2782042,0.46729827,0.15346667,1151.8969,142.78726,0.2508775,5.7500224,0.6207649,2023
2023-10-26,6W,0.12960461,0.20351079,0.3071974,0.48929182,0.073906206,1190.4883,141.4622,0.24711858,5.377184,0.56319803,2023
2023-10-27,13W,0.100738764,0.25316146,0.27745843,0.4693801,0.1524227,1153.0294,143.17598,0.24994333,5.702896,0.62180287,2023
2023-10-27,6W,0.13019502,0.20233314,0.3058533,0.4918136,0.07213809,1192.3682,141.75035,0.24612129,5.3350515,0.56395173,2023
2023-10-28,13W,0.10044851,0.25177637,0.27681172,0.4714119,0.15132786,1154.3229,143.50653,0.2490637,5.655936,0.6227398,2023
2023-10-28,6W,0.13075654,0.20111723,0.3045943,0.49428847,0.07036068,1194.3704,141.98433,0.2451662,5.2976403,0.5646491,2023
2023-10-29,13W,0.10017016,0.2504148,0.2762517,0.47333354,0.15024462,1155.7516,143.77888,0.24823073,5.610015,0.62357813,2023
2023-10-29,6W,0.13129838,0.19993427,0.30341476,0.49665096,0.06863588,1196.4672,142.16412,0.2442494,5.26448,0.5652869,2023
2023-10-30,13W,0.09989896,0.24908745,0.27577242,0.47514006,0.14918847,1157.2838,143.99034,0.24744257,5.5646133,0.6243286,2023
2023-10-30,6W,0.1318144,0.19879483,0.30231482,0.4988904,0.06698042,1198.6324,142.30185,0.243372,5.235562,0.56587076,2023
2023-10-31,13W,0.09964474,0.24777195,0.2753772,0.47685087,0.14812718,1158.977,144.16452,0.24670124,5.520316,0.62497807,2023
2023-10-31,6W,0.13230933,0.19766827,0.30128708,0.5010447,0.06535892,1200.912,142.43236,0.24252854,5.2114415,0.56640357,2023
2023-11-01,13W,0.099404775,0.24647392,0.27506065,0.47846544,0.14706916,1160.8109,144.29329,0.24600491,5.479151,0.62553453,2023
2023-11-01,6W,0.13277875,0.19655885,0.30032995,0.5031112,0.063780084,1203.2887,142.54095,0.24171872,5.1921334,0.5668913,2023
2023-11-02,13W,0.09917612,0.24519897,0.274817,0.47998405,0.14602284,1162.7639,144.37671,0.24535157,5.43953,0.6260069,2023
2023-11-02,6W,0.13321823,0.19547059,0.2994415,0.5050879,0.06225236,1205.7446,142.62761,0.2409421,5.1760197,0.5673403,2023
2023-11-03,13W,0.0989557,0.24395247,0.27463993,0.48140758,0.14499675,1164.8136,144.45978,0.24473876,5.4026246,0.62640435,2023
2023-11-03,6W,0.13362339,0.19440736,0.29861948,0.5069731,0.06078396,1208.2607,142.68909,0.24019797,5.1632347,0.5677571,2023
2023-11-04,13W,0.098740295,0.24273972,0.27452296,0.4827373,0.14399943,1166.9364,144.48262,0.24416396,5.3681364,0.6267367,2023
2023-11-04,6W,0.13398993,0.1933728,0.2978613,0.5087658,0.059382897,1210.817,142.68144,0.23948544,5.150397,0.56814873,2023
2023-11-05,13W,0.098526515,0.24156599,0.27445883,0.48397517,0.14303948,1169.1077,144.47069,0.24362415,5.3356924,0.6270147,2023
2023-11-05,6W,0.13431351,0.19237044,0.29716417,0.51046544,0.05805693,1213.3921,142.67378,0.23880342,5.140077,0.5685223,2023
2023-11-06,13W,0.0983108,0.2404363,0.2744401,0.4851236,0.14212552,1171.3016,144.42397,0.24311617,5.3057094,0.6272491,2023
2023-11-06,6W,0.13458996,0.19140357,0.29652482,0.5120716,0.056813635,1215.9646,142.6661,0.23815063,5.130471,0.5688852,2023
2023-11-07,13W,0.09813257,0.23940063,0.27443758,0.4861618,0.14126806,1173.4899,144.34247,0.2426324,5.2782116,0.62742984,2023
2023-11-07,6W,0.13487051,0.19054818,0.29591343,0.5135384,0.05567767,1218.5143,142.65843,0.23751846,5.1234026,0.569216,2023
2023-11-08,13W,0.09796751,0.2384404,0.2744682,0.48709133,0.14047289,1175.7024,144.1966,0.24218003,5.251812,0.62756425,2023
2023-11-08,6W,0.13512576,0.18976039,0.29534727,0.51489234,0.054634646,1221.0586,142.59985,0.23691267,5.1182585,0.569527,2023
2023-11-09,13W,0.09779858,0.23756588,0.27452528,0.48790884,0.13976729,1177.9291,143.98633,0.24175727,5.22979,0.6276761,2023
2023-11-09,6W,0.13534273,0.18903247,0.2948187,0.5161488,0.053689748,1223.5995,142.4904,0.23632908,5.1160355,0.5698385,2023
2023-11-10,13W,0.09762727,0.23678367,0.27460048,0.48861584,0.1391564,1180.1478,143.71167,0.2413608,5.210742,0.6277723,2023
2023-11-10,6W,0.13552342,0.18837202,0.29432356,0.5173044,0.0528486,1226.1147,142.33006,0.23576625,5.1176176,0.57015294,2023
2023-11-11,13W,0.09745484,0.23610044,0.27468517,0.48921436,0.1386456,1182.3357,143.37263,0.24098712,5.1952515,0.62786,2023
2023-11-11,6W,0.13566993,0.18778665,0.29385725,0.51835614,0.052116722,1228.5819,142.11885,0.23522246,5.124255,0.5704729,2023
2023-11-12,13W,0.09728234,0.23552316,0.2747703,0.48970658,0.1382408,1184.469,143.09808,0.24063252,5.184274,0.6279474,2023
2023-11-12,6W,0.13578415,0.18728398,0.2934148,0.5193012,0.051499825,1230.9778,141.95746,0.23469588,5.1351047,0.570801,2023
2023-11-13,13W,0.097110786,0.23505808,0.27484652,0.49009535,0.13794732,1186.5238,142.88805,0.24029304,5.177471,0.6280427,2023
2023-11-13,6W,0.1358685,0.18687081,0.29299116,0.5201381,0.051002312,1233.2784,141.84589,0.2341844,5.15026,0.5711403,2023
2023-11-14,13W,0.09694097,0.23471183,0.2749041,0.49038404,0.13777085,1188.4747,142.7425,0.23996451,5.1760345,0.628155,2023
2023-11-14,6W,0.13592526,0.18655416,0.2925807,0.52086514,0.05062889,1235.4595,141.78415,0.23368572,5.1702566,0.5714941,2023
2023-11-15,13W,0.096818075,0.23447484,0.274879,0.49064615,0.13765678,1190.0204,142.66145,0.23962365,5.179762,0.62830293,2023
2023-11-15,6W,0.13600197,0.1863089,0.29218444,0.52150667,0.050306913,1237.326,141.77222,0.23322043,5.193125,0.5718136,2023
2023-11-16,13W,0.09667892,0.2343164,0.27485722,0.4908264,0.13763748,1191.4006,142.64491,0.23929992,5.187553,0.62846386,2023
2023-11-16,6W,0.13605091,0.1861515,0.29179496,0.52205354,0.050100595,1239.0819,141.81012,0.23277034,5.2191167,0.5721541,2023
2023-11-17,13W,0.09651981,0.23423478,0.27483585,0.49092937,0.13771497,1192.5922,142.69289,0.2389912,5.1983967,0.62864435,2023
2023-11-17,6W,0.13607298,0.18608494,0.29140657,0.5225085,0.050011966,1240.714,141.89786,0.23233332,5.244428,0.5725205,2023
2023-11-18,13W,0.09636047,0.23420733,0.2748075,0.49098518,0.13784686,1193.7001,142.80534,0.238696,5.2125306,0.62883204,2023
2023-11-18,6W,0.13605101,0.18608616,0.2910223,0.5228915,0.050035145,1242.3229,142.03539,0.23191741,5.2682605,0.5729267,2023
2023-11-19,13W,0.09615855,0.2342796,0.2747947,0.4909257,0.13812105,1194.5781,142.98233,0.23842193,5.2272043,0.62904674,2023
2023-11-19,6W,0.13594383,0.18619762,0.29062122,0.5231811,0.05025381,1243.8851,142.22276,0.23151343,5.2883325,0.57343495,2023
2023-11-20,13W,0.09590701,0.23444806,0.2747116,0.4908404,0.13854103,1195.2831,143.22377,0.23816197,5.2426567,0.6293814,2023
2023-11-20,6W,0.13577624,0.18640013,0.29025736,0.52334255,0.050623912,1245.3466,142.45998,0.23114972,5.3050036,0.5739664,2023
2023-11-21,13W,0.09569191,0.23468612,0.27461955,0.49069434,0.13899422,1195.9536,143.50615,0.2379051,5.2569137,0.62968856,2023
2023-11-21,6W,0.13559899,0.18668324,0.28990698,0.5234098,0.051084258,1246.8068,142.71211,0.23080944,5.314903,0.57449406,2023
2023-11-22,13W,0.09551993,0.23498136,0.27451488,0.49050373,0.13946144,1196.5851,143.8294,0.23764846,5.2700076,0.6299652,2023
2023-11-22,6W,0.13541852,0.18704104,0.28956515,0.5233938,0.05162252,1248.2639,142.97922,0.2304906,5.3202033,0.5750164,2023
2023-11-23,13W,0.095375165,0.23533307,0.27441546,0.49025145,0.13995789,1197.2013,144.19356,0.23740216,5.2807536,0.6302093,2023
2023-11-23,6W,0.13522786,0.18746197,0.28924564,0.5232925,0.052234095,1249.712,143.26129,0.23019391,5.321052,0.57552654,2023
2023-11-24,13W,0.095265955,0.23570634,0.27432635,0.48996726,0.1404404,1197.8268,144.55354,0.2371681,5.289462,0.63040763,2023
2023-11-24,6W,0.13502926,0.18793961,0.28894696,0.5231134,0.05291037,1251.1758,143.5616,0.22991943,5.3203273,0.57602376,2023
2023-11-25,13W,0.09519381,0.23609488,0.2742462,0.48965895,0.14090107,1198.4585,144.90936,0.23694468,5.295246,0.63056004,2023
2023-11-25,6W,0.13482727,0.18846631,0.2886669,0.5228668,0.05363904,1252.6494,143.88013,0.229665,5.319396,0.5765058,2023
2023-11-26,13W,0.09516005,0.23649207,0.27417347,0.4893345,0.14133202,1199.0933,145.2356,0.23673016,5.2997518,0.63066655,2023
2023-11-26,6W,0.1346264,0.18903424,0.28840312,0.5225626,0.054407828,1254.1271,144.14781,0.22942844,5.3183894,0.5769705,2023
2023-11-27,13W,0.09516577,0.23689121,0.2741069,0.4890019,0.14172544,1199.7286,145.5322,0.23652282,5.3033333,0.63072735,2023
2023-11-27,6W,0.13443103,0.189635,0.28815326,0.52221173,0.055203952,1255.604,144.36461,0.22920741,5.3176904,0.5774157,2023
2023-11-28,13W,0.0952118,0.23728539,0.27404514,0.48866946,0.14207359,1200.363,145.77405,0.2363209,5.305812,0.630743,2023
2023-11-28,6W,0.13424554,0.19026014,0.28791496,0.52182484,0.05601461,1257.0758,144.52151,0.22899958,5.317299,0.5778395,2023
2023-11-29,13W,0.09529877,0.23766749,0.27398694,0.4883456,0.14236872,1200.9951,145.99075,0.23612247,5.3076425,0.6307143,2023
2023-11-29,6W,0.13407418,0.19090079,0.28768584,0.5214134,0.05682659,1258.539,144.66942,0.22880256,5.3171363,0.57824,2023
2023-11-30,13W,0.09542705,0.23803031,0.27393097,0.48803875,0.14260325,1201.624,146.1823,0.23592573,5.308727,0.630642,2023
2023-11-30,6W,0.13392113,0.19154775,0.2874635,0.52098876,0.057626598,1259.9897,144.80835,0.22861387,5.3169665,0.57861537,2023
2023-12-01,13W,0.09558251,0.23838447,0.27387047,0.48774505,0.14280194,1202.2706,146.34872,0.235734,5.3096967,0.630547,2023
2023-12-01,6W,0.13377553,0.19222988,0.28723493,0.5205352,0.058454383,1261.4518,144.93828,0.22843148,5.3171043,0.5789895,2023
2023-12-02,13W,0.095766634,0.2387246,0.27380666,0.48746872,0.14295797,1202.9314,146.49,0.23554637,5.3106637,0.6304267,2023
2023-12-02,6W,0.13364014,0.19294319,0.28700066,0.5200562,0.05930303,1262.9185,145.05919,0.22825497,5.3174257,0.5793592,2023
2023-12-03,13W,0.09598078,0.23904541,0.27374047,0.48721412,0.1430646,1203.6038,146.60614,0.23536196,5.311502,0.63027877,2023
2023-12-03,6W,0.13351758,0.19368333,0.28676087,0.5195558,0.060165755,1264.3833,145.1711,0.2280839,5.3179793,0.5797216,2023
2023-12-04,13W,0.09622536,0.23934096,0.2736732,0.48698583,0.1431156,1204.2854,146.69713,0.23517993,5.312124,0.63010144,2023
2023-12-04,6W,0.13341027,0.19444583,0.2865158,0.5190384,0.061035566,1265.8412,145.27402,0.22791766,5.318588,0.58007395,2023
2023-12-05,13W,0.096500784,0.2396056,0.27360603,0.48678836,0.14310482,1204.9751,146.76295,0.2349993,5.3129015,0.6298931,2023
2023-12-05,6W,0.13332051,0.19522634,0.28626555,0.5185081,0.061905835,1267.2876,145.36792,0.22775571,5.319349,0.58041394,2023
2023-12-06,13W,0.096797675,0.23982598,0.27355018,0.48662388,0.14302829,1205.6871,146.80367,0.23482011,5.313676,0.6296521,2023
2023-12-06,6W,0.13324763,0.19601868,0.28601795,0.51796335,0.06277102,1268.7351,145.45284,0.22760068,5.3202443,0.58073443,2023
2023-12-07,13W,0.09711755,0.23999745,0.2735051,0.4864975,0.1428799,1206.4186,146.81923,0.23464125,5.314625,0.62937737,2023
2023-12-07,6W,0.1331941,0.19681835,0.28577158,0.5174101,0.06362423,1270.1775,145.52875,0.22745126,5.321331,0.5810343,2023
2023-12-08,13W,0.09746153,0.24011537,0.27347013,0.48641452,0.14265382,1207.1678,146.5031,0.23446159,5.315501,0.6290683,2023
2023-12-08,6W,0.13316219,0.19762105,0.28552482,0.51685417,0.06445888,1271.6099,145.33144,0.22730601,5.3224797,0.581313,2023
2023-12-09,13W,0.09782765,0.24018049,0.27344635,0.48637313,0.14235282,1207.9458,146.45856,0.23428196,5.316665,0.628726,2023
2023-12-09,6W,0.13314657,0.19842495,0.2852813,0.5162937,0.0652784,1273.0496,145.38756,0.22716603,5.323991,0.5815721,2023
2023-12-10,13W,0.09824952,0.24022742,0.27339226,0.48638037,0.14197789,1208.7317,146.48366,0.23409122,5.3180614,0.62835824,2023
2023-12-10,6W,0.13317044,0.19921601,0.2850135,0.51577055,0.06604557,1274.4551,145.53143,0.22702044,5.3259854,0.58181614,2023
2023-12-11,13W,0.09873108,0.24024653,0.273312,0.48644146,0.14151546,1209.5638,146.57845,0.23388758,5.319539,0.62795687,2023
2023-12-11,6W,0.13323824,0.19998091,0.28472507,0.515294,0.066742696,1275.8556,145.763,0.22686766,5.327956,0.5820367,2023
2023-12-12,13W,0.099277966,0.24024042,0.2731962,0.48656338,0.14096247,1210.4308,146.74287,0.23366764,5.321238,0.62752587,2023
2023-12-12,6W,0.13335617,0.20071425,0.2844076,0.5148781,0.06735808,1277.2329,146.08232,0.22670387,5.3301063,0.58223623,2023
2023-12-13,13W,0.099894755,0.2401644,0.27308318,0.4867524,0.14026965,1211.2141,146.8599,0.23342761,5.323119,0.627022,2023
2023-12-13,6W,0.13357167,0.20136055,0.2840952,0.51454425,0.067788884,1278.521,146.36023,0.22651115,5.332401,0.58233315,2023
2023-12-14,13W,0.10058647,0.2400136,0.27297118,0.48701522,0.13942714,1211.8872,146.92944,0.23316395,5.3248496,0.6264424,2023
2023-12-14,6W,0.13389716,0.20190628,0.28378603,0.5143077,0.06800912,1279.6963,146.59676,0.22628328,5.3347735,0.5823168,2023
2023-12-15,13W,0.10134175,0.23980725,0.27287528,0.4873175,0.13846551,1212.4974,146.95157,0.23289491,5.326378,0.62578297,2023
2023-12-15,6W,0.1342847,0.20242003,0.28348944,0.5140906,0.06813531,1280.7329,146.79185,0.22605726,5.3372297,0.58222586,2023
2023-12-16,13W,0.10216261,0.23954402,0.27279657,0.4876594,0.1373814,1213.0306,146.92622,0.23262034,5.327773,0.6250408,2023
2023-12-16,6W,0.1347372,0.20290072,0.28320554,0.5138937,0.06816352,1281.6075,146.94557,0.22583354,5.339955,0.58205724,2023
2023-12-17,13W,0.10305073,0.23922248,0.2727365,0.48804104,0.13617176,1213.4736,146.85347,0.23234026,5.329514,0.62421274,2023
2023-12-17,6W,0.13525718,0.20334734,0.28293476,0.5137179,0.06809016,1282.298,147.05788,0.22561266,5.3425727,0.58180803,2023
2023-12-18,13W,0.1040032,0.23886596,0.27267015,0.48846388,0.13486278,1213.8108,146.73323,0.23205158,5.3312798,0.6233266,2023
2023-12-18,6W,0.13583496,0.20376389,0.28266028,0.51357585,0.067928925,1282.8362,147.12878,0.22538665,5.3452306,0.58150476,2023
2023-12-19,13W,0.10502023,0.23847696,0.27259526,0.4889278,0.13345672,1214.0299,146.5907,0.2317539,5.33296,0.62238455,2023
2023-12-19,6W,0.13647062,0.20415017,0.28238004,0.51346976,0.06767957,1283.2098,147.16728,0.22515483,5.347906,0.58114934,2023
2023-12-20,13W,0.10610177,0.23805805,0.27250952,0.48943242,0.13195628,1214.1198,146.39873,0.23144692,5.3344793,0.6213886,2023
2023-12-20,6W,0.13716397,0.20450622,0.28209215,0.51340157,0.06734227,1283.4081,147.14381,0.22491658,5.350554,0.58074385,2023
2023-12-21,13W,0.10724732,0.2376119,0.27241096,0.48997715,0.1303646,1214.0698,146.15726,0.23113036,5.335807,0.6203417,2023
2023-12-21,6W,0.13791448,0.20483212,0.2817949,0.51337296,0.06691764,1283.421,147.05836,0.22467127,5.3534284,0.58029056,2023
2023-12-22,13W,0.10845607,0.23714127,0.2722976,0.49056116,0.12868519,1213.8708,145.86635,0.23080394,5.3371882,0.61924636,2023
2023-12-22,6W,0.1387213,0.205128,0.2814866,0.51338536,0.06640671,1283.2396,146.91098,0.22441843,5.356218,0.57979214,2023
2023-12-23,13W,0.10972684,0.23664893,0.2721676,0.49118352,0.1269221,1213.514,145.52597,0.23046753,5.338258,0.6181056,2023
2023-12-23,6W,0.1395833,0.20539404,0.28116566,0.51344025,0.065810755,1282.8562,146.7016,0.22415754,5.3584385,0.57925105,2023
2023-12-24,13W,0.11105813,0.2361378,0.27201927,0.4918429,0.12507969,1212.9911,145.13612,0.23012103,5.3386793,0.6169227,2023
2023-12-24,6W,0.14049904,0.20563056,0.2808307,0.5135388,0.06513152,1282.2642,146.43027,0.22388813,5.360491,0.57867026,2023
2023-12-25,13W,0.1124481,0.2356109,0.27185103,0.49253803,0.123162806,1212.2954,144.90494,0.22976436,5.3389587,0.61570084,2023
2023-12-25,6W,0.14146678,0.20583789,0.28048036,0.51368177,0.06437114,1281.4579,146.31206,0.2236098,5.3626823,0.57805294,2023
2023-12-26,13W,0.1138953,0.23506294,0.2716649,0.49327222,0.121167615,1211.424,144.83241,0.2293978,5.3389893,0.61443985,2023
2023-12-26,6W,0.14248511,0.20600659,0.2801248,0.51386863,0.06352147,1280.4388,146.34702,0.22332436,5.3648934,0.5773901,2023
2023-12-27,13W,0.11539712,0.23449849,0.27145883,0.49404266,0.11910139,1210.3706,144.91855,0.22902139,5.3388906,0.61314404,2023
2023-12-27,6W,0.14355153,0.20613888,0.2797609,0.51410025,0.06258736,1279.2024,146.53508,0.22303107,5.3670683,0.5766876,2023
2023-12-28,13W,0.116950504,0.23392226,0.2712311,0.4948466,0.116971746,1209.1302,145.09952,0.22863515,5.3390017,0.6118184,2023
2023-12-28,6W,0.14466333,0.20623723,0.27938557,0.5143772,0.061573915,1277.7454,146.84401,0.22272931,5.3688884,0.57595116,2023
2023-12-29,13W,0.11855219,0.23333882,0.27098015,0.49568105,0.11478665,1207.6987,145.68184,0.22823912,5.339057,0.6104677,2023
2023-12-29,6W,0.14581756,0.20630406,0.27899602,0.51469994,0.0604865,1276.065,147.53804,0.22241841,5.370436,0.5751865,2023
2023-12-30,13W,0.12019904,0.23274437,0.27071574,0.4965399,0.11254534,1206.1179,146.07083,0.2278345,5.339175,0.6090852,2023
2023-12-30,6W,0.14701116,0.20633742,0.27859533,0.5150672,0.059326258,1274.2123,148.02223,0.2220985,5.371814,0.5743935,2023
2023-12-31,13W,0.121887736,0.23214108,0.27043784,0.4974211,0.11025333,1204.4055,146.46838,0.2274215,5.339428,0.6076744,2023
2023-12-31,6W,0.14824124,0.20633733,0.27818358,0.5154791,0.058096096,1272.2053,148.46233,0.2217694,5.372797,0.57357514,2023
