Pasture,Date,Plot,Reading_No,High,Low,Spp,G_B,Screen1,Adj_Low
18S,5/21/2015,1,1,30,5,bogr,b,0,5
18S,5/21/2015,1,2,24,5,atca,b,0,5
18S,5/21/2015,1,3,23,2,bogr,b,0,2
18S,5/21/2015,1,4,11,2,oppo,b,1,
18S,5/21/2015,1,5,21,2,bogr,b,0,2
18S,5/21/2015,1,6,29,5,pasm,b,0,5
18S,5/21/2015,1,7,18,4,thfi,b,0,4
18S,5/21/2015,1,8,26,5,oppo,b,1,
18S,5/21/2015,1,9,26,2,bogr,b,0,2
18S,5/21/2015,1,10,37,9,oppo,b,1,
18S,5/21/2015,1,11,35,2,bogr,b,0,2
18S,5/21/2015,1,12,19,6,sihy,b,0,6
18S,5/21/2015,1,13,38,9,atca,b,0,9
18S,5/21/2015,1,14,58,15,atca,b,0,15
18S,5/21/2015,1,15,15,8,sihy,b,0,8
18S,5/21/2015,1,16,36,5,stco,b,0,5
18S,5/21/2015,1,17,20,4,bogr,b,0,4
18S,5/21/2015,1,18,44,5,sihy,b,0,5
18S,5/21/2015,1,19,18,1,bogr,b,0,1
18S,5/21/2015,1,20,22,5,stco,b,0,5
18S,5/21/2015,1,21,29,9,stco,b,0,9
18S,5/21/2015,1,22,72,5,atca,b,0,5
18S,5/21/2015,1,23,20,5,sihy,b,0,5
18S,5/21/2015,1,24,52,8,stco,b,0,8
18S,5/21/2015,1,25,24,7,eref,b,1,
18S,5/21/2015,2,1,15,8,stco,b,0,8
18S,5/21/2015,2,2,29,3,stco,b,0,3
18S,5/21/2015,2,3,39,3,sihy,b,0,3
18S,5/21/2015,2,4,28,9,stco,b,0,9
18S,5/21/2015,2,5,26,7,stco,b,0,7
18S,5/21/2015,2,6,36,8,stco,b,0,8
18S,5/21/2015,2,7,32,11,stco,b,0,11
18S,5/21/2015,2,8,7,5,stco,b,0,5
18S,5/21/2015,2,9,11,3,bogr,b,0,3
18S,5/21/2015,2,10,23,9,stco,b,0,9
18S,5/21/2015,2,11,14,8,stco,b,0,8
18S,5/21/2015,2,12,21,5,stco,b,0,5
18S,5/21/2015,2,13,44,4,stco,b,0,4
18S,5/21/2015,2,14,51,19,atca,b,0,19
18S,5/21/2015,2,15,26,3,stco,b,0,3
18S,5/21/2015,2,16,46,11,stco,b,0,11
18S,5/21/2015,2,17,32,3,oppo,b,1,
18S,5/21/2015,2,18,34,9,stco,b,0,9
18S,5/21/2015,2,19,29,10,stco,b,0,10
18S,5/21/2015,2,20,28,3,stco,b,0,3
18S,5/21/2015,2,21,16,3,stco,b,0,3
18S,5/21/2015,2,22,34,9,stco,b,0,9
18S,5/21/2015,2,23,20,5,stco,b,0,5
18S,5/21/2015,2,24,14,1,stco,b,0,1
18S,5/21/2015,2,25,20,3,stco,b,0,3
18S,5/21/2015,3,1,30,9,eref,b,1,
18S,5/21/2015,3,2,24,6,sihy,b,0,6
18S,5/21/2015,3,3,24,3,oppo,b,1,
18S,5/21/2015,3,4,31,2,pasm,b,0,2
18S,5/21/2015,3,5,25,3,oppo,b,1,
18S,5/21/2015,3,6,15,3,oppo,b,1,
18S,5/21/2015,3,7,13,3,bogr,b,0,3
18S,5/21/2015,3,8,62,7,pasm,b,0,7
18S,5/21/2015,3,9,28,2,pasm,b,0,2
18S,5/21/2015,3,10,10,1,bogr,b,0,1
18S,5/21/2015,3,11,22,2,stco,b,0,2
18S,5/21/2015,3,12,21,1,bogr,b,0,1
18S,5/21/2015,3,13,32,4,pasm,b,0,4
18S,5/21/2015,3,14,31,1,bogr,b,0,1
18S,5/21/2015,3,15,38,4,pasm,b,0,4
18S,5/21/2015,3,16,34,3,bogr,b,0,3
18S,5/21/2015,3,17,11,7,oppo,b,1,
18S,5/21/2015,3,18,12,2,pasm,b,0,2
18S,5/21/2015,3,19,48,9,pasm,b,0,9
18S,5/21/2015,3,20,16,3,pasm,b,0,3
18S,5/21/2015,3,21,22,4,pasm,b,0,4
18S,5/21/2015,3,22,16,2,stco,b,0,2
18S,5/21/2015,3,23,51,5,oppo,b,1,
18S,5/21/2015,3,24,49,10,pasm,b,0,10
18S,5/21/2015,3,25,14,3,pasm,b,0,3
18S,5/21/2015,4,1,32,3,pasm,b,0,3
18S,5/21/2015,4,2,9,1,bogr,b,0,1
18S,5/21/2015,4,3,21,5,stco,b,0,5
18S,5/21/2015,4,4,44,8,stco,b,0,8
18S,5/21/2015,4,5,21,5,pasm,b,0,5
18S,5/21/2015,4,6,21,2,bogr,b,0,2
18S,5/21/2015,4,7,19,3,stco,b,0,3
18S,5/21/2015,4,8,21,7,stco,b,0,7
18S,5/21/2015,4,9,19,5,stco,b,0,5
18S,5/21/2015,4,10,34,5,stco,b,0,5
18S,5/21/2015,4,11,28,5,stco,b,0,5
18S,5/21/2015,4,12,48,2,cael,b,0,2
18S,5/21/2015,4,13,14,2,bogr,b,0,2
18S,5/21/2015,4,14,25,5,stco,b,0,5
18S,5/21/2015,4,15,21,2,bogr,b,0,2
18S,5/21/2015,4,16,20,7,sihy,b,0,7
18S,5/21/2015,4,17,14,3,bogr,b,0,3
18S,5/21/2015,4,18,21,8,pasm,b,0,8
18S,5/21/2015,4,19,21,2,bogr,b,0,2
18S,5/21/2015,4,20,8,1,cael,b,0,1
18S,5/21/2015,4,21,18,2,pasm,b,0,2
18S,5/21/2015,4,22,22,7,pasm,b,0,7
18S,5/21/2015,4,23,51,7,stco,b,0,7
18S,5/21/2015,4,24,10,1,bogr,b,0,1
18S,5/21/2015,4,25,9,3,bogr,b,0,3
18S,5/27/2015,1,1,26,6,oppo,b,1,
18S,5/27/2015,1,2,26,6,stco,b,0,6
18S,5/27/2015,1,3,26,4,oppo,b,1,
18S,5/27/2015,1,4,26,3,bogr,b,0,3
18S,5/27/2015,1,5,30,8,atca,b,0,8
18S,5/27/2015,1,6,28,3,stco,b,0,3
18S,5/27/2015,1,7,18,2,pasm,b,0,2
18S,5/27/2015,1,8,15,2,bogr,b,0,2
18S,5/27/2015,1,9,11,1,bogr,g,0,1
18S,5/27/2015,1,10,8,3,bogr,g,0,3
18S,5/27/2015,1,11,32,4,stco,b,0,4
18S,5/27/2015,1,12,20,2,bogr,b,0,2
18S,5/27/2015,1,13,32,5,stco,g,0,5
18S,5/27/2015,1,14,30,3,bogr,b,0,3
18S,5/27/2015,1,15,3,1,bogr,g,0,1
18S,5/27/2015,1,16,13,3,stco,g,0,3
18S,5/27/2015,1,17,23,5,stco,b,0,5
18S,5/27/2015,1,18,24,2,atca,g,0,2
18S,5/27/2015,1,19,26,2,stco,b,0,2
18S,5/27/2015,1,20,52,15,atca,g,0,15
18S,5/27/2015,1,21,24,9,stco,b,0,9
18S,5/27/2015,1,22,24,3,stco,b,0,3
18S,5/27/2015,1,23,17,5,bogr,g,0,5
18S,5/27/2015,1,24,20,3,stco,b,0,3
18S,5/27/2015,1,25,43,9,stco,b,0,9
18S,5/27/2015,2,1,16,8,stco,g,0,8
18S,5/27/2015,2,2,32,5,stco,b,0,5
18S,5/27/2015,2,3,25,5,stco,b,0,5
18S,5/27/2015,2,4,32,10,stco,b,0,10
18S,5/27/2015,2,5,24,7,vuoc,b,1,
18S,5/27/2015,2,6,46,11,stco,b,0,11
18S,5/27/2015,2,7,32,6,stco,b,0,6
18S,5/27/2015,2,8,30,5,stco,b,0,5
18S,5/27/2015,2,9,42,12,stco,b,0,12
18S,5/27/2015,2,10,24,5,stco,b,0,5
18S,5/27/2015,2,11,30,7,stco,b,0,7
18S,5/27/2015,2,12,3,1,stco,g,0,1
18S,5/27/2015,2,13,26,7,stco,b,0,7
18S,5/27/2015,2,14,12,2,stco,g,0,2
18S,5/27/2015,2,15,20,2,bogr,b,0,2
18S,5/27/2015,2,16,31,3,stco,b,0,3
18S,5/27/2015,2,17,20,3,bogr,b,0,3
18S,5/27/2015,2,18,30,9,stco,b,0,9
18S,5/27/2015,2,19,20,4,stco,b,0,4
18S,5/27/2015,2,20,16,6,stco,b,0,6
18S,5/27/2015,2,21,26,2,cael,b,0,2
18S,5/27/2015,2,22,10,1,cael,g,0,1
18S,5/27/2015,2,23,10,2,stco,b,0,2
18S,5/27/2015,2,24,15,3,eref,b,1,
18S,5/27/2015,2,25,22,4,stco,b,0,4
18S,5/27/2015,3,1,41,7,pasm,b,0,7
18S,5/27/2015,3,2,32,5,eref,b,1,
18S,5/27/2015,3,3,31,5,eref,b,1,
18S,5/27/2015,3,4,54,9,atca,g,0,9
18S,5/27/2015,3,5,19,4,bogr,b,0,4
18S,5/27/2015,3,6,16,1,pasm,b,0,1
18S,5/27/2015,3,7,31,6,stco,b,0,6
18S,5/27/2015,3,8,9,1,bogr,b,0,1
18S,5/27/2015,3,9,21,2,pasm,b,0,2
18S,5/27/2015,3,10,35,10,stco,b,0,10
18S,5/27/2015,3,11,25,3,bogr,b,0,3
18S,5/27/2015,3,12,29,1,cael,b,0,1
18S,5/27/2015,3,13,20,7,pasm,b,0,7
18S,5/27/2015,3,14,44,5,pasm,b,0,5
18S,5/27/2015,3,15,9,1,cael,g,0,1
18S,5/27/2015,3,16,17,4,oppo,b,1,
18S,5/27/2015,3,17,19,3,pasm,b,0,3
18S,5/27/2015,3,18,6,1,bogr,g,0,1
18S,5/27/2015,3,19,20,2,stco,b,0,2
18S,5/27/2015,3,20,5,1,pasm,g,0,1
18S,5/27/2015,3,21,9,4,pasm,g,0,4
18S,5/27/2015,3,22,31,4,pasm,b,0,4
18S,5/27/2015,3,23,10,1,pasm,g,0,1
18S,5/27/2015,3,24,5,2,bogr,g,0,2
18S,5/27/2015,3,25,49,5,stco,b,0,5
18S,5/27/2015,4,1,18,3,eref,b,1,
18S,5/27/2015,4,2,36,5,pasm,b,0,5
18S,5/27/2015,4,3,40,5,pasm,b,0,5
18S,5/27/2015,4,4,30,4,oppo,b,1,
18S,5/27/2015,4,5,24,1,pasm,b,0,1
18S,5/27/2015,4,6,24,4,oppo,b,1,
18S,5/27/2015,4,7,12,2,bogr,b,0,2
18S,5/27/2015,4,8,42,3,pasm,b,0,3
18S,5/27/2015,4,9,22,4,bogr,b,0,4
18S,5/27/2015,4,10,28,2,bogr,b,0,2
18S,5/27/2015,4,11,20,2,pasm,b,0,2
18S,5/27/2015,4,12,18,1,bogr,b,0,1
18S,5/27/2015,4,13,22,5,bogr,b,0,5
18S,5/27/2015,4,14,24,3,oppo,b,1,
18S,5/27/2015,4,15,74,10,pasm,b,0,10
18S,5/27/2015,4,16,31,9,atca,g,0,9
18S,5/27/2015,4,17,24,2,oppo,b,1,
18S,5/27/2015,4,18,24,3,oppo,b,1,
18S,5/27/2015,4,19,31,3,pasm,b,0,3
18S,5/27/2015,4,20,36,3,pasm,b,0,3
18S,5/27/2015,4,21,14,2,oppo,b,1,
18S,5/27/2015,4,22,10,1,bogr,b,0,1
18S,5/27/2015,4,23,18,3,stco,b,0,3
18S,5/27/2015,4,24,71,19,atca,g,0,19
18S,5/27/2015,4,25,25,5,stco,b,0,5
17S,6/8/2015,5,1,33,4,bogr,b,0,4
17S,6/8/2015,5,2,7,2,bogr,g,0,2
17S,6/8/2015,5,3,20,4,cael,b,0,4
17S,6/8/2015,5,4,16,4,vuoc,b,1,
17S,6/8/2015,5,5,10,3,bogr,g,0,3
17S,6/8/2015,5,6,11,4,bogr,g,0,4
17S,6/8/2015,5,7,30,6,pasm,b,0,6
17S,6/8/2015,5,8,28,3,pasm,b,0,3
17S,6/8/2015,5,9,10,4,bogr,b,0,4
17S,6/8/2015,5,10,22,8,arlo,b,1,
17S,6/8/2015,5,11,6,2,cael,g,0,2
17S,6/8/2015,5,12,28,10,arlo,b,1,
17S,6/8/2015,5,13,23,9,cael,b,0,9
17S,6/8/2015,5,14,34,13,arlo,b,1,
17S,6/8/2015,5,15,12,4,bogr,g,0,4
17S,6/8/2015,5,16,18,2,bogr,g,0,2
17S,6/8/2015,5,17,12,2,bogr,g,0,2
17S,6/8/2015,5,18,36,8,pasm,b,0,8
17S,6/8/2015,5,19,21,7,bogr,b,0,7
17S,6/8/2015,5,20,10,3,bogr,g,0,3
17S,6/8/2015,5,21,8,2,bogr,g,0,2
17S,6/8/2015,5,22,12,3,bogr,g,0,3
17S,6/8/2015,5,23,21,2,bogr,g,0,2
17S,6/8/2015,5,24,13,3,bogr,g,0,3
17S,6/8/2015,5,25,10,3,bogr,g,0,3
17S,6/8/2015,6,1,40,8,stco,b,0,8
17S,6/8/2015,6,2,32,10,stco,b,0,10
17S,6/8/2015,6,3,46,24,spai,b,0,24
17S,6/8/2015,6,4,50,25,spai,b,0,25
17S,6/8/2015,6,5,10,3,stco,b,0,3
17S,6/8/2015,6,6,40,18,spai,b,0,18
17S,6/8/2015,6,7,22,8,stco,b,0,8
17S,6/8/2015,6,8,39,12,stco,b,0,12
17S,6/8/2015,6,9,86,15,spai,b,0,15
17S,6/8/2015,6,10,82,34,spai,b,0,34
17S,6/8/2015,6,11,46,16,pasm,b,0,16
17S,6/8/2015,6,12,50,12,spai,b,0,12
17S,6/8/2015,6,13,40,8,pasm,b,0,8
17S,6/8/2015,6,14,38,14,stco,b,0,14
17S,6/8/2015,6,15,56,10,spai,b,0,10
17S,6/8/2015,6,16,26,7,vuoc,b,1,
17S,6/8/2015,6,17,32,15,stco,b,0,15
17S,6/8/2015,6,18,53,28,spai,b,0,28
17S,6/8/2015,6,19,87,15,stco,b,0,15
17S,6/8/2015,6,20,56,12,spai,b,0,12
17S,6/8/2015,6,21,54,19,spai,b,0,19
17S,6/8/2015,6,22,54,18,stco,b,0,18
17S,6/8/2015,6,23,40,8,spai,b,0,8
17S,6/8/2015,6,24,37,22,stco,b,0,22
17S,6/8/2015,6,25,40,25,stco,b,0,25
17S,6/17/2015,5,1,16,2,bogr,b,0,2
17S,6/17/2015,5,2,9,2,bogr,g,0,2
17S,6/17/2015,5,3,43,5,arlo,b,1,
17S,6/17/2015,5,4,14,4,bogr,g,0,4
17S,6/17/2015,5,5,6,1,bogr,g,0,1
17S,6/17/2015,5,6,11,2,bogr,g,0,2
17S,6/17/2015,5,7,16,2,bogr,g,0,2
17S,6/17/2015,5,8,6,3,buda,g,0,3
17S,6/17/2015,5,9,24,5,pasm,g,0,5
17S,6/17/2015,5,10,7,2,bogr,g,0,2
17S,6/17/2015,5,11,4,1,bogr,g,0,1
17S,6/17/2015,5,12,10,1,bogr,g,0,1
17S,6/17/2015,5,13,14,3,bogr,b,0,3
17S,6/17/2015,5,14,11,3,bogr,g,0,3
17S,6/17/2015,5,15,18,6,arlo,g,1,
17S,6/17/2015,5,16,21,9,bogr,g,0,9
17S,6/17/2015,5,17,22,5,pasm,g,0,5
17S,6/17/2015,5,18,22,1,bogr,b,0,1
17S,6/17/2015,5,19,4,1,bogr,g,0,1
17S,6/17/2015,5,20,22,2,bogr,g,0,2
17S,6/17/2015,5,21,14,2,bogr,g,0,2
17S,6/17/2015,5,22,22,1,bogr,b,0,1
17S,6/17/2015,5,23,15,5,bogr,g,0,5
17S,6/17/2015,5,24,6,1,bogr,g,0,1
17S,6/17/2015,5,25,7,1,bogr,b,0,1
17S,6/17/2015,6,1,28,8,stco,g,0,8
17S,6/17/2015,6,2,23,9,stco,g,0,9
17S,6/17/2015,6,3,54,12,stco,g,0,12
17S,6/17/2015,6,4,52,13,stco,g,0,13
17S,6/17/2015,6,5,35,8,stco,g,0,8
17S,6/17/2015,6,6,16,3,stco,g,0,3
17S,6/17/2015,6,7,38,10,stco,g,0,10
17S,6/17/2015,6,8,40,15,stco,g,0,15
17S,6/17/2015,6,9,40,9,stco,g,0,9
17S,6/17/2015,6,10,34,3,stco,g,0,3
17S,6/17/2015,6,11,38,9,stco,g,0,9
17S,6/17/2015,6,12,13,4,stco,g,0,4
17S,6/17/2015,6,13,34,11,stco,g,0,11
17S,6/17/2015,6,14,54,18,stco,g,0,18
17S,6/17/2015,6,15,54,9,stco,g,0,9
17S,6/17/2015,6,16,30,13,stco,g,0,13
17S,6/17/2015,6,17,22,4,stco,g,0,4
17S,6/17/2015,6,18,30,8,stco,g,0,8
17S,6/17/2015,6,19,22,5,stco,g,0,5
17S,6/17/2015,6,20,26,15,stco,g,0,15
17S,6/17/2015,6,21,16,5,stco,g,0,5
17S,6/17/2015,6,22,46,13,stco,g,0,13
17S,6/17/2015,6,23,16,9,stco,b,0,9
17S,6/17/2015,6,24,16,2,stco,b,0,2
17S,6/17/2015,6,25,12,3,stco,b,0,3
17S,6/24/2015,5,1,13,1,bogr,g,0,1
17S,6/24/2015,5,2,6,1,bogr,g,0,1
17S,6/24/2015,5,3,8,1,bogr,g,0,1
17S,6/24/2015,5,4,12,3,bogr,g,0,3
17S,6/24/2015,5,5,16,3,vuoc,b,1,
17S,6/24/2015,5,6,20,3,bogr,g,0,3
17S,6/24/2015,5,7,20,2,pasm,g,0,2
17S,6/24/2015,5,8,26,5,pasm,g,0,5
17S,6/24/2015,5,9,33,5,vuoc,g,1,
17S,6/24/2015,5,10,13,4,bogr,g,0,4
17S,6/24/2015,5,11,16,1,bogr,g,0,1
17S,6/24/2015,5,12,32,3,pasm,g,0,3
17S,6/24/2015,5,13,14,3,eref,g,1,
17S,6/24/2015,5,14,12,2,bogr,g,0,2
17S,6/24/2015,5,15,13,1,bogr,b,0,1
17S,6/24/2015,5,16,18,1,bogr,g,0,1
17S,6/24/2015,5,17,12,2,bogr,g,0,2
17S,6/24/2015,5,18,26,9,eref,g,1,
17S,6/24/2015,5,19,8,1,bogr,g,0,1
17S,6/24/2015,5,20,7,1,bogr,g,0,1
17S,6/24/2015,5,21,6,1,bogr,g,0,1
17S,6/24/2015,5,22,18,1,bogr,b,0,1
17S,6/24/2015,5,23,4,2,bogr,g,0,2
17S,6/24/2015,5,24,16,3,bogr,g,0,3
17S,6/24/2015,5,25,14,1,bogr,b,0,1
17S,6/24/2015,6,1,24,8,stco,g,0,8
17S,6/24/2015,6,2,28,10,stco,b,0,10
17S,6/24/2015,6,3,19,8,stco,g,0,8
17S,6/24/2015,6,4,60,19,stco,b,0,19
17S,6/24/2015,6,5,12,1,stco,g,0,1
17S,6/24/2015,6,6,28,3,stco,g,0,3
17S,6/24/2015,6,7,13,1,stco,g,0,1
17S,6/24/2015,6,8,35,1,stco,g,0,1
17S,6/24/2015,6,9,24,2,stco,g,0,2
17S,6/24/2015,6,10,18,2,stco,g,0,2
17S,6/24/2015,6,11,26,3,stco,g,0,3
17S,6/24/2015,6,12,39,5,stco,b,0,5
17S,6/24/2015,6,13,24,3,stco,g,0,3
17S,6/24/2015,6,14,28,3,stco,g,0,3
17S,6/24/2015,6,15,38,2,stco,b,0,2
17S,6/24/2015,6,16,31,3,stco,b,0,3
17S,6/24/2015,6,17,29,8,stco,g,0,8
17S,6/24/2015,6,18,34,6,stco,g,0,6
17S,6/24/2015,6,19,21,3,stco,g,0,3
17S,6/24/2015,6,20,13,2,stco,g,0,2
17S,6/24/2015,6,21,23,1,stco,b,0,1
17S,6/24/2015,6,22,19,4,stco,b,0,4
17S,6/24/2015,6,23,31,5,stco,b,0,5
17S,6/24/2015,6,24,36,6,stco,g,0,6
17S,6/24/2015,6,25,42,10,stco,g,0,10
17S,6/30/2015,5,1,6,1,bogr,g,0,1
17S,6/30/2015,5,2,10,1,bogr,g,0,1
17S,6/30/2015,5,3,7,1,bogr,g,0,1
17S,6/30/2015,5,4,11,1,bogr,g,0,1
17S,6/30/2015,5,5,40,8,bogr,b,0,8
17S,6/30/2015,5,6,38,1,pasm,g,0,1
17S,6/30/2015,5,7,32,9,pasm,g,0,9
17S,6/30/2015,5,8,32,4,pasm,b,0,4
17S,6/30/2015,5,9,31,3,pasm,g,0,3
17S,6/30/2015,5,10,14,4,oppo,g,1,
17S,6/30/2015,5,11,35,3,pasm,g,0,3
17S,6/30/2015,5,12,8,1,bogr,g,0,1
17S,6/30/2015,5,13,5,1,bogr,g,0,1
17S,6/30/2015,5,14,12,3,bogr,g,0,3
17S,6/30/2015,5,15,5,1,bogr,g,0,1
17S,6/30/2015,5,16,8,1,bogr,g,0,1
17S,6/30/2015,5,17,21,4,bogr,g,0,4
17S,6/30/2015,5,18,19,1,bogr,g,0,1
17S,6/30/2015,5,19,16,1,bogr,b,0,1
17S,6/30/2015,5,20,19,3,bogr,g,0,3
17S,6/30/2015,5,21,6,1,bogr,g,0,1
17S,6/30/2015,5,22,21,5,oppo,g,1,
17S,6/30/2015,5,23,6,1,bogr,g,0,1
17S,6/30/2015,5,24,8,1,bogr,g,0,1
17S,6/30/2015,5,25,14,2,bogr,g,0,2
17S,6/30/2015,6,1,22,1,stco,g,0,1
17S,6/30/2015,6,2,18,1,stco,g,0,1
17S,6/30/2015,6,3,24,3,stco,g,0,3
17S,6/30/2015,6,4,32,7,stco,g,0,7
17S,6/30/2015,6,5,23,1,stco,g,0,1
17S,6/30/2015,6,6,32,6,stco,g,0,6
17S,6/30/2015,6,7,21,3,stco,g,0,3
17S,6/30/2015,6,8,6,1,stco,g,0,1
17S,6/30/2015,6,9,11,5,stco,g,0,5
17S,6/30/2015,6,10,24,5,stco,g,0,5
17S,6/30/2015,6,11,28,4,stco,g,0,4
17S,6/30/2015,6,12,22,2,stco,g,0,2
17S,6/30/2015,6,13,18,1,psju,g,0,1
17S,6/30/2015,6,14,34,9,stco,g,0,9
17S,6/30/2015,6,15,34,1,stco,g,0,1
17S,6/30/2015,6,16,30,5,stco,g,0,5
17S,6/30/2015,6,17,25,1,stco,g,0,1
17S,6/30/2015,6,18,36,2,stco,g,0,2
17S,6/30/2015,6,19,18,2,stco,g,0,2
17S,6/30/2015,6,20,21,6,stco,g,0,6
17S,6/30/2015,6,21,11,3,stco,g,0,3
17S,6/30/2015,6,22,52,9,stco,g,0,9
17S,6/30/2015,6,23,12,2,stco,g,0,2
17S,6/30/2015,6,24,20,4,stco,g,0,4
17S,6/30/2015,6,25,18,3,stco,g,0,3
17S,7/9/2015,5,1,5,1,bogr,g,0,1
17S,7/9/2015,5,2,11,1,bogr,g,0,1
17S,7/9/2015,5,3,11,2,pasm,g,0,2
17S,7/9/2015,5,4,6,2,bogr,g,0,2
17S,7/9/2015,5,5,20,5,oppo,g,1,
17S,7/9/2015,5,6,34,7,oppo,g,1,
17S,7/9/2015,5,7,24,1,bogr,g,0,1
17S,7/9/2015,5,8,17,4,sihy,g,0,4
17S,7/9/2015,5,9,12,1,bogr,g,0,1
17S,7/9/2015,5,10,8,1,bogr,g,0,1
17S,7/9/2015,5,11,11,3,bogr,g,0,3
17S,7/9/2015,5,12,19,2,cael,g,0,2
17S,7/9/2015,5,13,14,2,sihy,g,0,2
17S,7/9/2015,5,14,27,6,oppo,g,1,
17S,7/9/2015,5,15,7,2,bogr,g,0,2
17S,7/9/2015,5,16,12,1,bogr,g,0,1
17S,7/9/2015,5,17,4,1,bogr,g,0,1
17S,7/9/2015,5,18,7,1,bogr,g,0,1
17S,7/9/2015,5,19,5,1,bogr,g,0,1
17S,7/9/2015,5,20,21,2,bogr,g,0,2
17S,7/9/2015,5,21,1,3,bogr,g,0,3
17S,7/9/2015,5,22,13,2,bogr,g,0,2
17S,7/9/2015,5,23,6,1,bogr,g,0,1
17S,7/9/2015,5,24,5,2,bogr,g,0,2
17S,7/9/2015,5,25,6,0,bogr,g,0,0
17S,7/9/2015,6,1,14,2,stco,g,0,2
17S,7/9/2015,6,2,22,1,stco,g,0,1
17S,7/9/2015,6,3,22,2,stco,g,0,2
17S,7/9/2015,6,4,8,2,stco,g,0,2
17S,7/9/2015,6,5,5,1,stco,g,0,1
17S,7/9/2015,6,6,22,3,stco,g,0,3
17S,7/9/2015,6,7,11,2,stco,g,0,2
17S,7/9/2015,6,8,16,0,dung,g,0,
17S,7/9/2015,6,9,22,8,stco,g,0,8
17S,7/9/2015,6,10,17,2,stco,g,0,2
17S,7/9/2015,6,11,14,1,stco,g,0,1
17S,7/9/2015,6,12,24,7,stco,g,0,7
17S,7/9/2015,6,13,10,3,stco,g,0,3
17S,7/9/2015,6,14,21,3,bogr,g,0,3
17S,7/9/2015,6,15,22,2,stco,g,0,2
17S,7/9/2015,6,16,18,4,stco,g,0,4
17S,7/9/2015,6,17,8,1,stco,g,0,1
17S,7/9/2015,6,18,11,1,stco,g,0,1
17S,7/9/2015,6,19,42,12,stco,g,0,12
17S,7/9/2015,6,20,10,2,stco,g,0,2
17S,7/9/2015,6,21,32,5,stco,g,0,5
17S,7/9/2015,6,22,33,4,stco,g,0,4
17S,7/9/2015,6,23,16,1,stco,g,0,1
17S,7/9/2015,6,24,29,11,stco,g,0,11
17S,7/9/2015,6,25,28,7,stco,g,0,7
10S,7/15/2015,1,1,36,5,thfi,g,1,
10S,7/15/2015,1,2,30,5,thfi,g,1,
10S,7/15/2015,1,3,19,4,thfi,g,1,
10S,7/15/2015,1,4,23,2,thfi,g,1,
10S,7/15/2015,1,5,29,6,thfi,g,1,
10S,7/15/2015,1,6,25,4,thfi,g,1,
10S,7/15/2015,1,7,28,6,thfi,g,1,
10S,7/15/2015,1,8,27,7,thfi,g,1,
10S,7/15/2015,1,9,27,7,thfi,g,1,
10S,7/15/2015,1,10,32,9,thfi,g,1,
10S,7/15/2015,1,11,29,8,bogr,g,0,8
10S,7/15/2015,1,12,30,5,thfi,g,1,
10S,7/15/2015,1,13,26,11,oppo,g,1,
10S,7/15/2015,1,14,22,6,arfr,g,1,
10S,7/15/2015,1,15,25,8,thfi,g,1,
10S,7/15/2015,1,16,26,7,thfi,g,1,
10S,7/15/2015,1,17,22,4,thfi,g,1,
10S,7/15/2015,1,18,30,8,thfi,g,1,
10S,7/15/2015,1,19,33,11,thfi,g,1,
10S,7/15/2015,1,20,39,5,bogr,g,0,5
10S,7/15/2015,1,21,24,7,thfi,g,1,
10S,7/15/2015,1,22,28,8,thfi,g,1,
10S,7/15/2015,1,23,21,4,thfi,g,1,
10S,7/15/2015,1,24,20,1,thfi,g,1,
10S,7/15/2015,1,25,26,3,mata,g,0,3
10S,7/15/2015,2,1,15,2,vuoc,b,1,
10S,7/15/2015,2,2,36,9,sihy,g,0,9
10S,7/15/2015,2,3,12,1,bogr,g,0,1
10S,7/15/2015,2,4,19,3,bogr,g,0,3
10S,7/15/2015,2,5,21,3,bogr,g,0,3
10S,7/15/2015,2,6,21,1,bogr,g,0,1
10S,7/15/2015,2,7,26,7,bogr,g,0,7
10S,7/15/2015,2,8,34,9,vuoc,b,1,
10S,7/15/2015,2,9,32,4,bogr,g,0,4
10S,7/15/2015,2,10,19,7,vuoc,b,1,
10S,7/15/2015,2,11,39,7,bogr,b,0,7
10S,7/15/2015,2,12,33,10,arfr,b,1,
10S,7/15/2015,2,13,25,5,bogr,b,0,5
10S,7/15/2015,2,14,24,7,vuoc,g,1,
10S,7/15/2015,2,15,29,9,sihy,b,0,9
10S,7/15/2015,2,16,28,7,sihy,b,0,7
10S,7/15/2015,2,17,20,3,bogr,b,0,3
10S,7/15/2015,2,18,21,2,bogr,b,0,2
10S,7/15/2015,2,19,29,9,pasm,g,0,9
10S,7/15/2015,2,20,27,15,thfi,g,1,
10S,7/15/2015,2,21,29,9,thfi,g,1,
10S,7/15/2015,2,22,20,8,bogr,g,0,8
10S,7/15/2015,2,23,24,7,bogr,b,0,7
10S,7/15/2015,2,24,34,7,bogr,b,0,7
10S,7/15/2015,2,25,52,17,pasm,g,0,17
10S,7/15/2015,3,1,25,2,pasm,g,0,2
10S,7/15/2015,3,2,39,5,pasm,g,0,5
10S,7/15/2015,3,3,24,3,bogr,g,0,3
10S,7/15/2015,3,4,21,1,buda,g,0,1
10S,7/15/2015,3,5,16,2,bogr,g,0,2
10S,7/15/2015,3,6,33,8,pste,g,0,8
10S,7/15/2015,3,7,33,3,bogr,g,0,3
10S,7/15/2015,3,8,16,3,bogr,g,0,3
10S,7/15/2015,3,9,21,2,bogr,g,0,2
10S,7/15/2015,3,10,29,7,pasm,g,0,7
10S,7/15/2015,3,11,37,5,pasm,g,0,5
10S,7/15/2015,3,12,34,2,pasm,g,0,2
10S,7/15/2015,3,13,42,2,bogr,g,0,2
10S,7/15/2015,3,14,24,2,vuoc,b,1,
10S,7/15/2015,3,15,21,2,bogr,g,0,2
10S,7/15/2015,3,16,28,4,bogr,g,0,4
10S,7/15/2015,3,17,21,4,bogr,g,0,4
10S,7/15/2015,3,18,25,3,vuoc,g,1,
10S,7/15/2015,3,19,34,3,bogr,g,0,3
10S,7/15/2015,3,20,12,6,bogr,g,0,6
10S,7/15/2015,3,21,21,7,pasm,g,0,7
10S,7/15/2015,3,22,33,2,bogr,g,0,2
10S,7/15/2015,3,23,34,1,bogr,g,0,1
10S,7/15/2015,3,24,12,3,bogr,g,0,3
10S,7/15/2015,3,25,70,11,ciun,g,0,11
10S,7/15/2015,4,1,39,8,vuoc,g,1,
10S,7/15/2015,4,2,37,14,thfi,g,1,
10S,7/15/2015,4,3,50,7,pasm,g,0,7
10S,7/15/2015,4,4,24,1,vuoc,g,1,
10S,7/15/2015,4,5,22,4,vuoc,g,1,
10S,7/15/2015,4,6,23,5,bogr,g,0,5
10S,7/15/2015,4,7,16,3,vuoc,g,1,
10S,7/15/2015,4,8,26,6,bogr,g,0,6
10S,7/15/2015,4,9,33,11,thfi,g,1,
10S,7/15/2015,4,10,22,3,bogr,g,0,3
10S,7/15/2015,4,11,28,10,thfi,g,1,
10S,7/15/2015,4,12,27,5,thfi,g,1,
10S,7/15/2015,4,13,28,4,bogr,g,0,4
10S,7/15/2015,4,14,21,1,thfi,g,1,
10S,7/15/2015,4,15,21,5,thfi,g,1,
10S,7/15/2015,4,16,27,3,vuoc,g,1,
10S,7/15/2015,4,17,35,6,bogr,g,0,6
10S,7/15/2015,4,18,21,2,bogr,g,0,2
10S,7/15/2015,4,19,31,8,pasm,g,0,8
10S,7/15/2015,4,20,21,2,vuoc,g,1,
10S,7/15/2015,4,21,37,3,vuoc,g,1,
10S,7/15/2015,4,22,11,1,bogr,g,0,1
10S,7/15/2015,4,23,30,5,bogr,g,0,5
10S,7/15/2015,4,24,31,11,thfi,g,1,
10S,7/15/2015,4,25,23,12,thfi,g,1,
10S,7/22/2015,1,1,36,8,thfi,g,1,
10S,7/22/2015,1,2,21,3,thfi,g,1,
10S,7/22/2015,1,3,26,7,pste,g,0,7
10S,7/22/2015,1,4,28,9,thfi,g,1,
10S,7/22/2015,1,5,21,11,thfi,g,1,
10S,7/22/2015,1,6,28,10,thfi,g,1,
10S,7/22/2015,1,7,27,5,thfi,g,1,
10S,7/22/2015,1,8,26,9,thfi,g,1,
10S,7/22/2015,1,9,24,3,thfi,g,1,
10S,7/22/2015,1,10,31,4,thfi,g,1,
10S,7/22/2015,1,11,33,3,thfi,g,1,
10S,7/22/2015,1,12,21,3,thfi,g,1,
10S,7/22/2015,1,13,25,8,thfi,g,1,
10S,7/22/2015,1,14,29,4,thfi,g,1,
10S,7/22/2015,1,15,23,7,thfi,g,1,
10S,7/22/2015,1,16,26,2,thfi,g,1,
10S,7/22/2015,1,17,28,7,thfi,g,1,
10S,7/22/2015,1,18,25,4,thfi,g,1,
10S,7/22/2015,1,19,29,3,thfi,g,1,
10S,7/22/2015,1,20,32,4,thfi,g,1,
10S,7/22/2015,1,21,32,5,pasm,g,0,5
10S,7/22/2015,1,22,28,4,thfi,g,1,
10S,7/22/2015,1,23,21,15,thfi,g,1,
10S,7/22/2015,1,24,24,5,thfi,g,1,
10S,7/22/2015,1,25,28,10,thfi,b,1,
10S,7/22/2015,2,1,16,5,vouc,g,0,5
10S,7/22/2015,2,2,22,3,arlo,g,1,
10S,7/22/2015,2,3,17,2,bogr,g,0,2
10S,7/22/2015,2,4,38,5,vouc,b,0,5
10S,7/22/2015,2,5,15,5,bogr,g,0,5
10S,7/22/2015,2,6,18,7,bogr,g,0,7
10S,7/22/2015,2,7,32,3,bogr,g,0,3
10S,7/22/2015,2,8,23,3,bogr,g,0,3
10S,7/22/2015,2,9,17,8,bogr,g,0,8
10S,7/22/2015,2,10,31,6,bogr,g,0,6
10S,7/22/2015,2,11,24,5,spco,g,0,5
10S,7/22/2015,2,12,12,2,bogr,g,0,2
10S,7/22/2015,2,13,24,4,vouc,g,0,4
10S,7/22/2015,2,14,23,1,bogr,g,0,1
10S,7/22/2015,2,15,16,5,bogr,g,0,5
10S,7/22/2015,2,16,21,5,bogr,g,0,5
10S,7/22/2015,2,17,28,7,vouc,g,0,7
10S,7/22/2015,2,18,38,11,bogr,g,0,11
10S,7/22/2015,2,19,35,9,bogr,g,0,9
10S,7/22/2015,2,20,26,8,bogr,g,0,8
10S,7/22/2015,2,21,29,3,bogr,g,0,3
10S,7/22/2015,2,22,29,2,bogr,g,0,2
10S,7/22/2015,2,23,35,3,bogr,g,0,3
10S,7/22/2015,2,24,24,9,sihy,g,0,9
10S,7/22/2015,2,25,17,2,bogr,g,0,2
10S,7/22/2015,3,1,26,3,pasm,g,0,3
10S,7/22/2015,3,2,19,1,bogr,g,0,1
10S,7/22/2015,3,3,14,2,bogr,g,0,2
10S,7/22/2015,3,4,4,1,bogr,g,0,1
10S,7/22/2015,3,5,32,3,pste,g,0,3
10S,7/22/2015,3,6,47,1,bogr,g,0,1
10S,7/22/2015,3,7,24,2,bogr,g,0,2
10S,7/22/2015,3,8,56,3,bogr,g,0,3
10S,7/22/2015,3,9,40,5,pasm,g,0,5
10S,7/22/2015,3,10,25,4,pasm,g,0,4
10S,7/22/2015,3,11,24,1,pasm,g,0,1
10S,7/22/2015,3,12,22,2,arlo,g,1,
10S,7/22/2015,3,13,26,2,bogr,g,0,2
10S,7/22/2015,3,14,7,2,bogr,g,0,2
10S,7/22/2015,3,15,13,1,bogr,g,0,1
10S,7/22/2015,3,16,15,4,bogr,g,0,4
10S,7/22/2015,3,17,23,3,bogr,g,0,3
10S,7/22/2015,3,18,29,2,bogr,g,0,2
10S,7/22/2015,3,19,26,2,bogr,g,0,2
10S,7/22/2015,3,20,24,3,bogr,g,0,3
10S,7/22/2015,3,21,28,4,bogr,g,0,4
10S,7/22/2015,3,22,25,2,pasm,g,0,2
10S,7/22/2015,3,23,23,1,bogr,g,0,1
10S,7/22/2015,3,24,16,2,bogr,g,0,2
10S,7/22/2015,3,25,32,2,bogr,g,0,2
10S,7/22/2015,4,1,32,9,vuoc,b,1,
10S,7/22/2015,4,2,45,7,pste,g,0,7
10S,7/22/2015,4,3,34,2,bogr,g,0,2
10S,7/22/2015,4,4,23,3,bogr,g,0,3
10S,7/22/2015,4,5,28,2,thfi,g,1,
10S,7/22/2015,4,6,30,8,thfi,g,1,
10S,7/22/2015,4,7,27,7,thfi,g,1,
10S,7/22/2015,4,8,22,6,thfi,g,1,
10S,7/22/2015,4,9,24,4,thfi,g,1,
10S,7/22/2015,4,10,24,5,thfi,g,1,
10S,7/22/2015,4,11,21,3,thfi,g,1,
10S,7/22/2015,4,12,24,4,thfi,g,1,
10S,7/22/2015,4,13,25,9,thfi,g,1,
10S,7/22/2015,4,14,36,7,pasm,g,0,7
10S,7/22/2015,4,15,38,7,thfi,g,1,
10S,7/22/2015,4,16,24,8,thfi,g,1,
10S,7/22/2015,4,17,22,5,thfi,g,1,
10S,7/22/2015,4,18,17,1,bogr,g,0,1
10S,7/22/2015,4,19,21,1,bogr,g,0,1
10S,7/22/2015,4,20,4,1,bogr,g,0,1
10S,7/22/2015,4,21,31,3,bogr,g,0,3
10S,7/22/2015,4,22,29,4,vouc,b,0,4
10S,7/22/2015,4,23,35,3,bogr,g,0,3
10S,7/22/2015,4,24,14,1,bogr,g,0,1
10S,7/22/2015,4,25,35,3,pasm,g,0,3
10S,7/29/2015,1,1,30,9,thfi,,1,
10S,7/29/2015,1,2,23,2,thfi,,1,
10S,7/29/2015,1,3,22,5,thfi,,1,
10S,7/29/2015,1,4,23,3,thfi,,1,
10S,7/29/2015,1,5,26,5,thfi,,1,
10S,7/29/2015,1,6,27,9,thfi,,1,
10S,7/29/2015,1,7,27,5,thfi,,1,
10S,7/29/2015,1,8,28,4,thfi,,1,
10S,7/29/2015,1,9,29,7,thfi,,1,
10S,7/29/2015,1,10,24,4,thfi,,1,
10S,7/29/2015,1,11,32,3,thfi,,1,
10S,7/29/2015,1,12,23,3,thfi,,1,
10S,7/29/2015,1,13,32,4,thfi,,1,
10S,7/29/2015,1,14,25,3,thfi,,1,
10S,7/29/2015,1,15,33,13,thfi,,1,
10S,7/29/2015,1,16,21,7,thfi,,1,
10S,7/29/2015,1,17,34,7,thfi,,1,
10S,7/29/2015,1,18,23,4,thfi,,1,
10S,7/29/2015,1,19,23,7,thfi,,1,
10S,7/29/2015,1,20,7,3,bogr,,0,3
10S,7/29/2015,1,21,22,2,thfi,,1,
10S,7/29/2015,1,22,21,4,thfi,,1,
10S,7/29/2015,1,23,24,3,thfi,,1,
10S,7/29/2015,1,24,21,2,thfi,,1,
10S,7/29/2015,1,25,21,5,thfi,,1,
10S,7/29/2015,2,1,36,11,arlo,,1,
10S,7/29/2015,2,2,6,1,bogr,,0,1
10S,7/29/2015,2,3,12,1,bogr,,0,1
10S,7/29/2015,2,4,38,4,bogr,,0,4
10S,7/29/2015,2,5,4,1,bogr,,0,1
10S,7/29/2015,2,6,13,1,bogr,,0,1
10S,7/29/2015,2,7,11,1,vuoc,,1,
10S,7/29/2015,2,8,24,3,vuoc,,1,
10S,7/29/2015,2,9,21,3,vuoc,,1,
10S,7/29/2015,2,10,8,1,bogr,,0,1
10S,7/29/2015,2,11,16,3,vuoc,,1,
10S,7/29/2015,2,12,24,8,bogr,,0,8
10S,7/29/2015,2,13,11,2,bogr,,0,2
10S,7/29/2015,2,14,16,3,vuoc,,1,
10S,7/29/2015,2,15,18,2,bogr,,0,2
10S,7/29/2015,2,16,11,1,bogr,,0,1
10S,7/29/2015,2,17,6,2,bogr,,0,2
10S,7/29/2015,2,18,41,5,arfr,,1,
10S,7/29/2015,2,19,28,3,sihy,,0,3
10S,7/29/2015,2,20,6,1,bogr,,0,1
10S,7/29/2015,2,21,35,2,bogr,,0,2
10S,7/29/2015,2,22,23,2,bogr,,0,2
10S,7/29/2015,2,23,6,1,bogr,,0,1
10S,7/29/2015,2,24,31,3,bogr,,0,3
10S,7/29/2015,2,25,32,5,bogr,,0,5
10S,7/29/2015,3,1,41,8,pasm,,0,8
10S,7/29/2015,3,2,31,2,bogr,,0,2
10S,7/29/2015,3,3,25,1,bogr,,0,1
10S,7/29/2015,3,4,22,1,bogr,,0,1
10S,7/29/2015,3,5,30,1,bogr,,0,1
10S,7/29/2015,3,6,11,2,bogr,,0,2
10S,7/29/2015,3,7,8,1,bogr,,0,1
10S,7/29/2015,3,8,6,2,bogr,,0,2
10S,7/29/2015,3,9,8,3,bogr,,0,3
10S,7/29/2015,3,10,27,4,pasm,,0,4
10S,7/29/2015,3,11,22,3,vuoc,,1,
10S,7/29/2015,3,12,16,2,bogr,,0,2
10S,7/29/2015,3,13,30,2,bogr,,0,2
10S,7/29/2015,3,14,14,2,vuoc,,1,
10S,7/29/2015,3,15,31,3,bogr,,0,3
10S,7/29/2015,3,16,32,5,arlo,,1,
10S,7/29/2015,3,17,22,2,bogr,,0,2
10S,7/29/2015,3,18,27,1,bogr,,0,1
10S,7/29/2015,3,19,14,3,bogr,,0,3
10S,7/29/2015,3,20,19,0,bogr,,0,0
10S,7/29/2015,3,21,11,2,bogr,,0,2
10S,7/29/2015,3,22,32,2,bogr,,0,2
10S,7/29/2015,3,23,13,3,bogr,,0,3
10S,7/29/2015,3,24,36,11,pasm,,0,11
10S,7/29/2015,3,25,21,2,pasm,,0,2
10S,7/29/2015,4,1,26,3,bogr,,0,3
10S,7/29/2015,4,2,31,3,bogr,,0,3
10S,7/29/2015,4,3,22,1,bogr,,0,1
10S,7/29/2015,4,4,12,4,vuoc,,1,
10S,7/29/2015,4,5,24,1,bogr,,0,1
10S,7/29/2015,4,6,31,9,vuoc,,1,
10S,7/29/2015,4,7,22,4,vuoc,,1,
10S,7/29/2015,4,8,24,3,bogr,,0,3
10S,7/29/2015,4,9,25,5,sihy,,0,5
10S,7/29/2015,4,10,27,3,bogr,,0,3
10S,7/29/2015,4,11,14,2,bogr,,0,2
10S,7/29/2015,4,12,34,1,bogr,,0,1
10S,7/29/2015,4,13,36,5,sihy,,0,5
10S,7/29/2015,4,14,22,3,bogr,,0,3
10S,7/29/2015,4,15,24,3,bogr,,0,3
10S,7/29/2015,4,16,26,5,vuoc,,1,
10S,7/29/2015,4,17,32,1,bogr,,0,1
10S,7/29/2015,4,18,26,1,bogr,,0,1
10S,7/29/2015,4,19,10,1,bogr,,0,1
10S,7/29/2015,4,20,18,2,atca,,0,2
10S,7/29/2015,4,21,31,3,vuoc,,1,
10S,7/29/2015,4,22,24,3,vuoc,,1,
10S,7/29/2015,4,23,22,3,vuoc,,1,
10S,7/29/2015,4,24,15,3,bogr,,0,3
10S,7/29/2015,4,25,14,2,pasm,,0,2
10S,8/5/2015,1,1,23,5,thfi,g,1,
10S,8/5/2015,1,2,22,5,thfi,g,1,
10S,8/5/2015,1,3,30,3,thfi,g,1,
10S,8/5/2015,1,4,22,6,thfi,g,1,
10S,8/5/2015,1,5,24,8,thfi,g,1,
10S,8/5/2015,1,6,32,7,thfi,g,1,
10S,8/5/2015,1,7,21,4,thfi,g,1,
10S,8/5/2015,1,8,24,4,thfi,g,1,
10S,8/5/2015,1,9,30,2,thfi,g,1,
10S,8/5/2015,1,10,24,5,thfi,g,1,
10S,8/5/2015,1,11,42,6,thfi,g,1,
10S,8/5/2015,1,12,21,4,thfi,g,1,
10S,8/5/2015,1,13,35,5,thfi,g,1,
10S,8/5/2015,1,14,31,4,thfi,g,1,
10S,8/5/2015,1,15,25,2,thfi,g,1,
10S,8/5/2015,1,16,27,8,thfi,g,1,
10S,8/5/2015,1,17,27,2,thfi,g,1,
10S,8/5/2015,1,18,23,3,thfi,g,1,
10S,8/5/2015,1,19,26,1,thfi,g,1,
10S,8/5/2015,1,20,25,6,thfi,g,1,
10S,8/5/2015,1,21,25,1,thfi,g,1,
10S,8/5/2015,1,22,27,6,thfi,g,1,
10S,8/5/2015,1,23,25,2,thfi,g,1,
10S,8/5/2015,1,24,19,7,thfi,g,1,
10S,8/5/2015,1,25,32,9,thfi,g,1,
10S,8/5/2015,2,1,11,6,sihy,g,0,6
10S,8/5/2015,2,2,21,1,bogr,g,0,1
10S,8/5/2015,2,3,36,7,bogr,g,0,7
10S,8/5/2015,2,4,17,7,arlo,g,1,
10S,8/5/2015,2,5,10,2,bogr,g,0,2
10S,8/5/2015,2,6,6,1,bogr,g,0,1
10S,8/5/2015,2,7,32,1,bogr,g,0,1
10S,8/5/2015,2,8,13,2,vuoc,g,1,
10S,8/5/2015,2,9,9,2,bogr,g,0,2
10S,8/5/2015,2,10,21,1,bogr,g,0,1
10S,8/5/2015,2,11,19,6,bogr,g,0,6
10S,8/5/2015,2,12,21,3,vuoc,g,1,
10S,8/5/2015,2,13,21,6,bogr,g,0,6
10S,8/5/2015,2,14,26,3,bogr,g,0,3
10S,8/5/2015,2,15,13,6,bogr,g,0,6
10S,8/5/2015,2,16,21,3,vuoc,g,1,
10S,8/5/2015,2,17,12,5,bogr,g,0,5
10S,8/5/2015,2,18,11,8,oppo,g,1,
10S,8/5/2015,2,19,38,3,oppo,g,1,
10S,8/5/2015,2,20,21,3,bogr,b,0,3
10S,8/5/2015,2,21,14,2,bogr,g,0,2
10S,8/5/2015,2,22,15,1,bogr,g,0,1
10S,8/5/2015,2,23,23,1,bogr,g,0,1
10S,8/5/2015,2,24,33,6,bogr,g,0,6
10S,8/5/2015,2,25,14,4,pasm,g,0,4
10S,8/5/2015,3,1,6,4,pasm,g,0,4
10S,8/5/2015,3,2,18,1,bogr,g,0,1
10S,8/5/2015,3,3,16,1,bogr,g,0,1
10S,8/5/2015,3,4,19,0,bogr,g,0,0
10S,8/5/2015,3,5,13,1,bogr,g,0,1
10S,8/5/2015,3,6,11,1,bogr,g,0,1
10S,8/5/2015,3,7,5,1,bogr,g,0,1
10S,8/5/2015,3,8,13,2,bogr,g,0,2
10S,8/5/2015,3,9,35,1,bogr,g,0,1
10S,8/5/2015,3,10,6,2,pasm,g,0,2
10S,8/5/2015,3,11,19,2,bogr,g,0,2
10S,8/5/2015,3,12,16,0,bogr,g,0,0
10S,8/5/2015,3,13,13,0,bogr,g,0,0
10S,8/5/2015,3,14,21,3,vuoc,g,1,
10S,8/5/2015,3,15,27,0,bogr,g,0,0
10S,8/5/2015,3,16,7,1,bogr,g,0,1
10S,8/5/2015,3,17,8,1,bogr,g,0,1
10S,8/5/2015,3,18,9,2,bogr,g,0,2
10S,8/5/2015,3,19,11,2,arfr,g,1,
10S,8/5/2015,3,20,22,1,bogr,g,0,1
10S,8/5/2015,3,21,35,4,bogr,g,0,4
10S,8/5/2015,3,22,33,4,pasm,b,0,4
10S,8/5/2015,3,23,12,3,pasm,b,0,3
10S,8/5/2015,3,24,19,3,bogr,g,0,3
10S,8/5/2015,3,25,28,3,bogr,g,0,3
10S,8/5/2015,4,1,38,5,bogr,g,0,5
10S,8/5/2015,4,2,34,6,vuoc,g,1,
10S,8/5/2015,4,3,21,4,pasm,g,0,4
10S,8/5/2015,4,4,26,4,vuoc,g,1,
10S,8/5/2015,4,5,19,2,vuoc,g,1,
10S,8/5/2015,4,6,29,3,vuoc,g,1,
10S,8/5/2015,4,7,16,7,thfi,g,1,
10S,8/5/2015,4,8,32,2,vuoc,g,1,
10S,8/5/2015,4,9,31,9,thfi,g,1,
10S,8/5/2015,4,10,31,8,thfi,g,1,
10S,8/5/2015,4,11,31,7,thfi,g,1,
10S,8/5/2015,4,12,21,7,thfi,g,1,
10S,8/5/2015,4,13,20,6,thfi,b,1,
10S,8/5/2015,4,14,32,5,thfi,g,1,
10S,8/5/2015,4,15,26,12,thfi,g,1,
10S,8/5/2015,4,16,27,5,thfi,g,1,
10S,8/5/2015,4,17,24,0,bogr,g,0,0
10S,8/5/2015,4,18,37,1,bogr,g,0,1
10S,8/5/2015,4,19,19,3,bogr,b,0,3
10S,8/5/2015,4,20,22,0,bogr,g,0,0
10S,8/5/2015,4,21,17,1,bogr,g,0,1
10S,8/5/2015,4,22,21,7,thfi,g,1,
10S,8/5/2015,4,23,27,5,thfi,g,1,
10S,8/5/2015,4,24,31,8,thfi,g,1,
10S,8/5/2015,4,25,36,3,thfi,g,1,
10S,8/5/2015,5,1,36,2,bogr,g,0,2
10S,8/5/2015,5,2,6,1,bogr,g,0,1
10S,8/5/2015,5,3,10,4,vuoc,g,1,
10S,8/5/2015,5,4,22,1,bogr,g,0,1
10S,8/5/2015,5,5,21,1,bogr,g,0,1
10S,8/5/2015,5,6,12,1,vuoc,g,1,
10S,8/5/2015,5,7,24,2,vuoc,g,1,
10S,8/5/2015,5,8,29,5,vuoc,g,1,
10S,8/5/2015,5,9,10,3,vuoc,g,1,
10S,8/5/2015,5,10,37,0,bogr,g,0,0
10S,8/5/2015,5,11,35,1,bogr,g,0,1
10S,8/5/2015,5,12,6,2,bogr,g,0,2
10S,8/5/2015,5,13,13,1,bogr,g,0,1
10S,8/5/2015,5,14,34,2,arlo,g,1,
10S,8/5/2015,5,15,15,3,bogr,g,0,3
10S,8/5/2015,5,16,10,1,bogr,g,0,1
10S,8/5/2015,5,17,33,0,bogr,g,0,0
10S,8/5/2015,5,18,12,1,bogr,g,0,1
10S,8/5/2015,5,19,9,1,bogr,g,0,1
10S,8/5/2015,5,20,7,0,bogr,g,0,0
10S,8/5/2015,5,21,3,0,bogr,g,0,0
10S,8/5/2015,5,22,5,1,bogr,g,0,1
10S,8/5/2015,5,23,50,3,pasm,b,0,3
10S,8/5/2015,5,24,24,1,bogr,g,0,1
10S,8/5/2015,5,25,24,2,bogr,g,0,2
10S,8/5/2015,6,1,14,2,bogr,g,0,2
10S,8/5/2015,6,2,8,1,bogr,g,0,1
10S,8/5/2015,6,3,6,1,bogr,g,0,1
10S,8/5/2015,6,4,31,2,bogr,g,0,2
10S,8/5/2015,6,5,21,3,bogr,g,0,3
10S,8/5/2015,6,6,18,0,bogr,g,0,0
10S,8/5/2015,6,7,24,3,vuoc,g,1,
10S,8/5/2015,6,8,7,2,bogr,g,0,2
10S,8/5/2015,6,9,22,2,bogr,g,0,2
10S,8/5/2015,6,10,9,3,bogr,g,0,3
10S,8/5/2015,6,11,15,3,bogr,g,0,3
10S,8/5/2015,6,12,9,4,bogr,g,0,4
10S,8/5/2015,6,13,4,1,bogr,g,0,1
10S,8/5/2015,6,14,14,4,bogr,g,0,4
10S,8/5/2015,6,15,10,3,bogr,g,0,3
10S,8/5/2015,6,16,24,3,vuoc,g,1,
10S,8/5/2015,6,17,7,2,bogr,g,0,2
10S,8/5/2015,6,18,31,2,bogr,g,0,2
10S,8/5/2015,6,19,52,8,pste,g,0,8
10S,8/5/2015,6,20,41,7,oppo,g,1,
10S,8/5/2015,6,21,8,1,bogr,g,0,1
10S,8/5/2015,6,22,19,1,bogr,g,0,1
10S,8/5/2015,6,23,17,1,bogr,g,0,1
10S,8/5/2015,6,24,5,0,bogr,g,0,0
10S,8/5/2015,6,25,7,1,bogr,g,0,1
10S,8/12/2015,1,1,24,5,thfi,g,1,
10S,8/12/2015,1,2,27,4,thfi,g,1,
10S,8/12/2015,1,3,25,4,thfi,g,1,
10S,8/12/2015,1,4,27,3,thfi,g,1,
10S,8/12/2015,1,5,26,8,thfi,g,1,
10S,8/12/2015,1,6,27,3,thfi,g,1,
10S,8/12/2015,1,7,30,9,thfi,g,1,
10S,8/12/2015,1,8,35,9,thfi,g,1,
10S,8/12/2015,1,9,15,2,thfi,g,1,
10S,8/12/2015,1,10,26,2,thfi,g,1,
10S,8/12/2015,1,11,23,1,bogr,g,0,1
10S,8/12/2015,1,12,10,3,thfi,g,1,
10S,8/12/2015,1,13,27,4,thfi,g,1,
10S,8/12/2015,1,14,26,4,thfi,g,1,
10S,8/12/2015,1,15,29,3,thfi,g,1,
10S,8/12/2015,1,16,6,3,thfi,g,1,
10S,8/12/2015,1,17,20,3,bogr,g,0,3
10S,8/12/2015,1,18,29,1,bogr,g,0,1
10S,8/12/2015,1,19,16,2,bogr,g,0,2
10S,8/12/2015,1,20,16,2,bogr,g,0,2
10S,8/12/2015,1,21,29,4,thfi,g,1,
10S,8/12/2015,1,22,21,1,thfi,g,1,
10S,8/12/2015,1,23,28,3,bogr,g,0,3
10S,8/12/2015,1,24,23,4,thfi,g,1,
10S,8/12/2015,1,25,26,4,thfi,g,1,
10S,8/12/2015,2,1,4,1,bogr,g,0,1
10S,8/12/2015,2,2,7,1,bogr,g,0,1
10S,8/12/2015,2,3,15,1,bogr,g,0,1
10S,8/12/2015,2,4,19,5,oppo,g,1,
10S,8/12/2015,2,5,19,2,bogr,g,0,2
10S,8/12/2015,2,6,5,1,bogr,g,0,1
10S,8/12/2015,2,7,25,1,bogr,b,0,1
10S,8/12/2015,2,8,6,1,bogr,g,0,1
10S,8/12/2015,2,9,31,2,arlo,b,1,
10S,8/12/2015,2,10,21,2,bogr,g,0,2
10S,8/12/2015,2,11,22,2,bogr,g,0,2
10S,8/12/2015,2,12,14,2,bogr,g,0,2
10S,8/12/2015,2,13,8,1,bogr,g,0,1
10S,8/12/2015,2,14,6,1,bogr,g,0,1
10S,8/12/2015,2,15,6,2,bogr,g,0,2
10S,8/12/2015,2,16,11,4,bogr,g,0,4
10S,8/12/2015,2,17,21,1,arlo,b,1,
10S,8/12/2015,2,18,29,2,bogr,g,0,2
10S,8/12/2015,2,19,8,1,bogr,g,0,1
10S,8/12/2015,2,20,16,3,vuoc,g,1,
10S,8/12/2015,2,21,21,2,bogr,g,0,2
10S,8/12/2015,2,22,6,1,bogr,g,0,1
10S,8/12/2015,2,23,23,2,bogr,g,0,2
10S,8/12/2015,2,24,29,1,bogr,b,0,1
10S,8/12/2015,2,25,9,2,bogr,g,0,2
10S,8/12/2015,3,1,14,2,pasm,g,0,2
10S,8/12/2015,3,2,13,1,bogr,g,0,1
10S,8/12/2015,3,3,16,1,bogr,g,0,1
10S,8/12/2015,3,4,11,2,bogr,g,0,2
10S,8/12/2015,3,5,10,2,pasm,g,0,2
10S,8/12/2015,3,6,19,2,bogr,g,0,2
10S,8/12/2015,3,7,27,3,bogr,b,0,3
10S,8/12/2015,3,8,6,2,bogr,g,0,2
10S,8/12/2015,3,9,34,3,pasm,g,0,3
10S,8/12/2015,3,10,24,1,bogr,g,0,1
10S,8/12/2015,3,11,6,1,bogr,g,0,1
10S,8/12/2015,3,12,16,3,bogr,g,0,3
10S,8/12/2015,3,13,15,1,cael,g,0,1
10S,8/12/2015,3,14,34,1,bogr,b,0,1
10S,8/12/2015,3,15,15,2,bogr,g,0,2
10S,8/12/2015,3,16,12,1,vuoc,g,1,
10S,8/12/2015,3,17,19,1,bogr,g,0,1
10S,8/12/2015,3,18,21,1,bogr,g,0,1
10S,8/12/2015,3,19,6,1,bogr,g,0,1
10S,8/12/2015,3,20,6,1,cael,g,0,1
10S,8/12/2015,3,21,25,2,bogr,g,0,2
10S,8/12/2015,3,22,33,3,pasm,g,0,3
10S,8/12/2015,3,23,45,5,pasm,b,0,5
10S,8/12/2015,3,24,34,3,pasm,b,0,3
10S,8/12/2015,3,25,14,2,cael,g,0,2
10S,8/12/2015,4,1,33,2,bogr,g,0,2
10S,8/12/2015,4,2,32,3,vuoc,g,1,
10S,8/12/2015,4,3,20,1,bogr,g,0,1
10S,8/12/2015,4,4,15,2,vuoc,g,1,
10S,8/12/2015,4,5,22,4,thfi,g,1,
10S,8/12/2015,4,6,32,2,thfi,g,1,
10S,8/12/2015,4,7,24,3,thfi,g,1,
10S,8/12/2015,4,8,28,5,thfi,g,1,
10S,8/12/2015,4,9,34,7,thfi,g,1,
10S,8/12/2015,4,10,26,9,thfi,g,1,
10S,8/12/2015,4,11,19,5,thfi,g,1,
10S,8/12/2015,4,12,19,2,bogr,g,0,2
10S,8/12/2015,4,13,24,3,thfi,g,1,
10S,8/12/2015,4,14,18,9,thfi,g,1,
10S,8/12/2015,4,15,31,9,thfi,g,1,
10S,8/12/2015,4,16,13,1,bogr,g,0,1
10S,8/12/2015,4,17,21,1,bogr,g,0,1
10S,8/12/2015,4,18,26,2,thfi,g,1,
10S,8/12/2015,4,19,21,2,bogr,g,0,2
10S,8/12/2015,4,20,10,5,bogr,g,0,5
10S,8/12/2015,4,21,44,4,pasm,b,0,4
10S,8/12/2015,4,22,25,3,thfi,g,1,
10S,8/12/2015,4,23,16,3,thfi,g,1,
10S,8/12/2015,4,24,23,1,bogr,g,0,1
10S,8/12/2015,4,25,16,2,vuoc,g,1,
10S,8/12/2015,ex. Burn,1,24,1,bogr,g,0,1
10S,8/12/2015,ex. Burn,2,13,2,bogr,g,0,2
10S,8/12/2015,ex. Burn,3,22,1,bogr,b,0,1
10S,8/12/2015,ex. Burn,4,28,1,bogr,g,0,1
10S,8/12/2015,ex. Burn,5,6,1,bogr,g,0,1
10S,8/12/2015,ex. Burn,6,16,3,bogr,g,0,3
10S,8/12/2015,ex. Burn,7,21,2,vuoc,g,1,
10S,8/12/2015,ex. Burn,8,26,1,vuoc,b,1,
10S,8/12/2015,ex. Burn,9,24,9,vuoc,g,1,
10S,8/12/2015,ex. Burn,10,6,1,bogr,g,0,1
10S,8/12/2015,ex. Burn,11,11,2,bogr,g,0,2
10S,8/12/2015,ex. Burn,12,31,1,bogr,g,0,1
10S,8/12/2015,ex. Burn,13,7,2,bogr,g,0,2
10S,8/12/2015,ex. Burn,14,13,1,bogr,g,0,1
10S,8/12/2015,ex. Burn,15,8,3,bogr,g,0,3
10S,8/12/2015,ex. Burn,16,21,0,bogr,g,0,0
10S,8/12/2015,ex. Burn,17,21,2,bogr,g,0,2
10S,8/12/2015,ex. Burn,18,20,1,bogr,g,0,1
10S,8/12/2015,ex. Burn,19,24,0,bogr,g,0,0
10S,8/12/2015,ex. Burn,20,20,3,sihy,b,0,3
10S,8/12/2015,ex. Burn,21,6,3,bogr,g,0,3
10S,8/12/2015,ex. Burn,22,23,1,bogr,g,0,1
10S,8/12/2015,ex. Burn,23,5,2,bogr,g,0,2
10S,8/12/2015,ex. Burn,24,19,2,bogr,g,0,2
10S,8/12/2015,ex. Burn,25,6,2,bogr,g,0,2
10S,8/12/2015,ex. Unbrn,1,8,0,bogr,g,0,0
10S,8/12/2015,ex. Unbrn,2,5,1,bogr,g,0,1
10S,8/12/2015,ex. Unbrn,3,5,1,bogr,g,0,1
10S,8/12/2015,ex. Unbrn,4,25,2,bogr,g,0,2
10S,8/12/2015,ex. Unbrn,5,15,3,bogr,g,0,3
10S,8/12/2015,ex. Unbrn,6,8,0,bogr,g,0,0
10S,8/12/2015,ex. Unbrn,7,8,2,bogr,g,0,2
10S,8/12/2015,ex. Unbrn,8,8,3,bogr,g,0,3
10S,8/12/2015,ex. Unbrn,9,7,3,bogr,g,0,3
10S,8/12/2015,ex. Unbrn,10,27,2,bogr,g,0,2
10S,8/12/2015,ex. Unbrn,11,22,5,bogr,g,0,5
10S,8/12/2015,ex. Unbrn,12,11,2,oppo,g,1,
10S,8/12/2015,ex. Unbrn,13,11,1,bogr,g,0,1
10S,8/12/2015,ex. Unbrn,14,31,5,arlo,g,1,
10S,8/12/2015,ex. Unbrn,15,10,2,bogr,g,0,2
10S,8/12/2015,ex. Unbrn,16,26,3,pste,g,0,3
10S,8/12/2015,ex. Unbrn,17,8,2,bogr,g,0,2
10S,8/12/2015,ex. Unbrn,18,21,3,bogr,g,0,3
10S,8/12/2015,ex. Unbrn,19,28,5,pste,g,0,5
10S,8/12/2015,ex. Unbrn,20,21,2,bogr,g,0,2
10S,8/12/2015,ex. Unbrn,21,19,2,bogr,g,0,2
10S,8/12/2015,ex. Unbrn,22,17,1,bogr,g,0,1
10S,8/12/2015,ex. Unbrn,23,10,2,bogr,g,0,2
10S,8/12/2015,ex. Unbrn,24,7,3,bogr,g,0,3
10S,8/12/2015,ex. Unbrn,25,4,1,bogr,g,0,1
10S,8/18/2015,1,1,24,1,thfi,,1,
10S,8/18/2015,1,2,26,3,thfi,,1,
10S,8/18/2015,1,3,25,2,thfi,,1,
10S,8/18/2015,1,4,25,3,thfi,,1,
10S,8/18/2015,1,5,25,2,thfi,,1,
10S,8/18/2015,1,6,21,3,thfi,,1,
10S,8/18/2015,1,7,27,1,thfi,,1,
10S,8/18/2015,1,8,28,1,thfi,,1,
10S,8/18/2015,1,9,16,2,thfi,,1,
10S,8/18/2015,1,10,28,2,thfi,,1,
10S,8/18/2015,1,11,27,3,thfi,,1,
10S,8/18/2015,1,12,29,1,pste,,0,1
10S,8/18/2015,1,13,26,2,thfi,,1,
10S,8/18/2015,1,14,28,2,bogr,,0,2
10S,8/18/2015,1,15,22,1,bogr,,0,1
10S,8/18/2015,1,16,54,1,bogr,,0,1
10S,8/18/2015,1,17,15,2,bogr,,0,2
10S,8/18/2015,1,18,11,0,bogr,,0,0
10S,8/18/2015,1,19,23,1,thfi,,1,
10S,8/18/2015,1,20,25,3,thfi,,1,
10S,8/18/2015,1,21,8,2,bogr,,0,2
10S,8/18/2015,1,22,26,4,thfi,,1,
10S,8/18/2015,1,23,27,3,thfi,,1,
10S,8/18/2015,1,24,25,2,thfi,,1,
10S,8/18/2015,1,25,9,1,thfi,,1,
10S,8/18/2015,2,1,4,0,bogr,,0,0
10S,8/18/2015,2,2,4,1,bogr,,0,1
10S,8/18/2015,2,3,4,0,bogr,,0,0
10S,8/18/2015,2,4,12,6,bogr,,0,6
10S,8/18/2015,2,5,15,1,bogr,,0,1
10S,8/18/2015,2,6,8,1,bogr,,0,1
10S,8/18/2015,2,7,11,1,bogr,,0,1
10S,8/18/2015,2,8,5,1,bogr,,0,1
10S,8/18/2015,2,9,12,3,vuoc,,1,
10S,8/18/2015,2,10,7,1,bogr,,0,1
10S,8/18/2015,2,11,11,0,bogr,,0,0
10S,8/18/2015,2,12,9,1,bogr,,0,1
10S,8/18/2015,2,13,10,0,bogr,,0,0
10S,8/18/2015,2,14,4,1,bogr,,0,1
10S,8/18/2015,2,15,8,1,bogr,,0,1
10S,8/18/2015,2,16,14,2,spco,,0,2
10S,8/18/2015,2,17,6,3,bogr,,0,3
10S,8/18/2015,2,18,19,1,bogr,,0,1
10S,8/18/2015,2,19,3,1,bogr,,0,1
10S,8/18/2015,2,20,12,3,vuoc,,1,
10S,8/18/2015,2,21,22,1,bogr,,0,1
10S,8/18/2015,2,22,15,1,bogr,,0,1
10S,8/18/2015,2,23,4,1,bogr,,0,1
10S,8/18/2015,2,24,15,2,bogr,,0,2
10S,8/18/2015,2,25,8,2,bogr,,0,2
10S,8/18/2015,3,1,16,1,pasm,,0,1
10S,8/18/2015,3,2,3,1,bogr,,0,1
10S,8/18/2015,3,3,22,1,bogr,,0,1
10S,8/18/2015,3,4,5,2,bogr,,0,2
10S,8/18/2015,3,5,8,0,bogr,,0,0
10S,8/18/2015,3,6,12,1,bogr,,0,1
10S,8/18/2015,3,7,26,0,bogr,,0,0
10S,8/18/2015,3,8,4,1,bogr,,0,1
10S,8/18/2015,3,9,26,1,bogr,,0,1
10S,8/18/2015,3,10,11,1,pasm,,0,1
10S,8/18/2015,3,11,8,1,bogr,,0,1
10S,8/18/2015,3,12,9,2,bogr,,0,2
10S,8/18/2015,3,13,18,1,arlo,,1,
10S,8/18/2015,3,14,19,1,bogr,,0,1
10S,8/18/2015,3,15,14,1,bogr,,0,1
10S,8/18/2015,3,16,21,0,bogr,,0,0
10S,8/18/2015,3,17,8,1,bogr,,0,1
10S,8/18/2015,3,18,6,0,bogr,,0,0
10S,8/18/2015,3,19,8,0,bogr,,0,0
10S,8/18/2015,3,20,6,1,bogr,,0,1
10S,8/18/2015,3,21,32,2,pasm,,0,2
10S,8/18/2015,3,22,31,1,pasm,,0,1
10S,8/18/2015,3,23,24,3,pasm,,0,3
10S,8/18/2015,3,24,21,3,bogr,,0,3
10S,8/18/2015,3,25,14,1,cael,,0,1
10S,8/18/2015,4,1,30,1,bogr,,0,1
10S,8/18/2015,4,2,34,2,vuoc,,1,
10S,8/18/2015,4,3,29,2,thfi,,1,
10S,8/18/2015,4,4,32,3,vuoc,,1,
10S,8/18/2015,4,5,22,1,bogr,,0,1
10S,8/18/2015,4,6,16,1,bogr,,0,1
10S,8/18/2015,4,7,26,1,thfi,,1,
10S,8/18/2015,4,8,14,1,vuoc,,1,
10S,8/18/2015,4,9,44,4,thfi,,1,
10S,8/18/2015,4,10,26,3,thfi,,1,
10S,8/18/2015,4,11,24,2,thfi,,1,
10S,8/18/2015,4,12,12,1,thfi,,1,
10S,8/18/2015,4,13,12,1,thfi,,1,
10S,8/18/2015,4,14,16,1,bogr,,0,1
10S,8/18/2015,4,15,31,1,thfi,,1,
10S,8/18/2015,4,16,24,2,thfi,,1,
10S,8/18/2015,4,17,10,1,vuoc,,1,
10S,8/18/2015,4,18,15,1,thfi,,1,
10S,8/18/2015,4,19,12,1,bogr,,0,1
10S,8/18/2015,4,20,20,1,bogr,,0,1
10S,8/18/2015,4,21,29,3,vuoc,,1,
10S,8/18/2015,4,22,24,5,thfi,,1,
10S,8/18/2015,4,23,24,3,bogr,,0,3
10S,8/18/2015,4,24,21,1,bogr,,0,1
10S,8/18/2015,4,25,3,1,bogr,,0,1
10S,8/18/2015,ex. Burn,1,24,1,bogr,,0,1
10S,8/18/2015,ex. Burn,2,4,0,bogr,,0,0
10S,8/18/2015,ex. Burn,3,6,1,cael,,0,1
10S,8/18/2015,ex. Burn,4,5,1,bogr,,0,1
10S,8/18/2015,ex. Burn,5,5,1,bogr,,0,1
10S,8/18/2015,ex. Burn,6,6,1,bogr,,0,1
10S,8/18/2015,ex. Burn,7,31,1,bogr,,0,1
10S,8/18/2015,ex. Burn,8,16,2,vuoc,,1,
10S,8/18/2015,ex. Burn,9,12,0,bogr,,0,0
10S,8/18/2015,ex. Burn,10,16,1,bogr,,0,1
10S,8/18/2015,ex. Burn,11,20,0,bogr,,0,0
10S,8/18/2015,ex. Burn,12,4,1,bogr,,0,1
10S,8/18/2015,ex. Burn,13,14,1,bogr,,0,1
10S,8/18/2015,ex. Burn,14,30,2,arlo,,1,
10S,8/18/2015,ex. Burn,15,3,2,bogr,,0,2
10S,8/18/2015,ex. Burn,16,8,1,bogr,,0,1
10S,8/18/2015,ex. Burn,17,28,1,bogr,,0,1
10S,8/18/2015,ex. Burn,18,7,2,bogr,,0,2
10S,8/18/2015,ex. Burn,19,23,2,bogr,,0,2
10S,8/18/2015,ex. Burn,20,5,1,bogr,,0,1
10S,8/18/2015,ex. Burn,21,4,0,bogr,,0,0
10S,8/18/2015,ex. Burn,22,3,1,bogr,,0,1
10S,8/18/2015,ex. Burn,23,34,1,pasm,,0,1
10S,8/18/2015,ex. Burn,24,34,1,bogr,,0,1
10S,8/18/2015,ex. Burn,25,29,0,bogr,,0,0
10S,8/18/2015,ex. Unbrn,1,6,1,bogr,,0,1
10S,8/18/2015,ex. Unbrn,2,4,0,bogr,,0,0
10S,8/18/2015,ex. Unbrn,3,3,0,bogr,,0,0
10S,8/18/2015,ex. Unbrn,4,4,1,bogr,,0,1
10S,8/18/2015,ex. Unbrn,5,12,3,bogr,,0,3
10S,8/18/2015,ex. Unbrn,6,3,1,bogr,,0,1
10S,8/18/2015,ex. Unbrn,7,4,1,bogr,,0,1
10S,8/18/2015,ex. Unbrn,8,4,1,bogr,,0,1
10S,8/18/2015,ex. Unbrn,9,21,1,thfi,,1,
10S,8/18/2015,ex. Unbrn,10,16,2,asox,,0,2
10S,8/18/2015,ex. Unbrn,11,2,0,bogr,,0,0
10S,8/18/2015,ex. Unbrn,12,5,0,bogr,,0,0
10S,8/18/2015,ex. Unbrn,13,6,3,oppo,,1,
10S,8/18/2015,ex. Unbrn,14,13,1,cael,,0,1
10S,8/18/2015,ex. Unbrn,15,6,1,bogr,,0,1
10S,8/18/2015,ex. Unbrn,16,34,7,pste,,0,7
10S,8/18/2015,ex. Unbrn,17,16,2,bogr,,0,2
10S,8/18/2015,ex. Unbrn,18,12,1,bogr,,0,1
10S,8/18/2015,ex. Unbrn,19,15,4,vuoc,,1,
10S,8/18/2015,ex. Unbrn,20,8,1,bogr,,0,1
10S,8/18/2015,ex. Unbrn,21,6,2,bogr,,0,2
10S,8/18/2015,ex. Unbrn,22,7,1,bogr,,0,1
10S,8/18/2015,ex. Unbrn,23,10,1,bogr,,0,1
10S,8/18/2015,ex. Unbrn,24,4,1,bogr,,0,1
10S,8/18/2015,ex. Unbrn,25,5,0,bogr,,0,0
21N,8/20/2015,1,1,46,2,bogr,g,0,2
21N,8/20/2015,1,2,24,3,bogr,g,0,3
21N,8/20/2015,1,3,28,4,stco,g,0,4
21N,8/20/2015,1,4,28,5,bogr,g,0,5
21N,8/20/2015,1,5,40,4,stco,g,0,4
21N,8/20/2015,1,6,32,6,stco,b,0,6
21N,8/20/2015,1,7,58,4,stco,g,0,4
21N,8/20/2015,1,8,32,6,bogr,g,0,6
21N,8/20/2015,1,9,17,7,piop,g,0,7
21N,8/20/2015,1,10,40,4,bogr,g,0,4
21N,8/20/2015,1,11,49,3,bogr,g,0,3
21N,8/20/2015,1,12,33,4,bogr,g,0,4
21N,8/20/2015,1,13,36,4,pasm,g,0,4
21N,8/20/2015,1,14,36,3,pasm,g,0,3
21N,8/20/2015,1,15,25,7,pste,g,0,7
21N,8/20/2015,1,16,14,1,bogr,g,0,1
21N,8/20/2015,1,17,43,6,stco,g,0,6
21N,8/20/2015,1,18,21,2,bogr,g,0,2
21N,8/20/2015,1,19,38,16,eref,g,1,
21N,8/20/2015,1,20,29,2,bogr,g,0,2
21N,8/20/2015,1,21,25,1,bogr,g,0,1
21N,8/20/2015,1,22,58,7,bogr,g,0,7
21N,8/20/2015,1,23,38,5,bogr,g,0,5
21N,8/20/2015,1,24,39,3,bogr,g,0,3
21N,8/20/2015,1,25,28,2,bogr,g,0,2
21N,8/20/2015,2,1,25,3,oppo,g,1,
21N,8/20/2015,2,2,28,4,bogr,g,0,4
21N,8/20/2015,2,3,22,2,pasm,g,0,2
21N,8/20/2015,2,4,32,5,bogr,g,0,5
21N,8/20/2015,2,5,28,3,stco,g,0,3
21N,8/20/2015,2,6,29,4,bogr,g,0,4
21N,8/20/2015,2,7,28,1,bogr,g,0,1
21N,8/20/2015,2,8,38,2,pasm,g,0,2
21N,8/20/2015,2,9,28,14,gusa,g,0,14
21N,8/20/2015,2,10,38,9,pasm,g,0,9
21N,8/20/2015,2,11,48,6,pasm,g,0,6
21N,8/20/2015,2,12,34,2,bogr,g,0,2
21N,8/20/2015,2,13,30,6,bogr,g,0,6
21N,8/20/2015,2,14,23,1,bogr,g,0,1
21N,8/20/2015,2,15,32,2,piop,g,0,2
21N,8/20/2015,2,16,8,2,bogr,g,0,2
21N,8/20/2015,2,17,24,4,arfr,g,1,
21N,8/20/2015,2,18,28,7,arfr,g,1,
21N,8/20/2015,2,19,33,2,bogr,g,0,2
21N,8/20/2015,2,20,15,3,bogr,g,0,3
21N,8/20/2015,2,21,21,3,bogr,g,0,3
21N,8/20/2015,2,22,26,3,bogr,g,0,3
21N,8/20/2015,2,23,17,2,bogr,g,0,2
21N,8/20/2015,2,24,23,4,bogr,g,0,4
21N,8/20/2015,2,25,18,2,bogr,g,0,2
21N,8/20/2015,3,1,23,2,bogr,g,0,2
21N,8/20/2015,3,2,34,14,eref,b,1,
21N,8/20/2015,3,3,22,6,eref,g,1,
21N,8/20/2015,3,4,19,5,eref,g,1,
21N,8/20/2015,3,5,29,10,sihy,b,0,10
21N,8/20/2015,3,6,24,2,bogr,g,0,2
21N,8/20/2015,3,7,26,5,bogr,g,0,5
21N,8/20/2015,3,8,33,7,bogr,g,0,7
21N,8/20/2015,3,9,20,9,eref,g,1,
21N,8/20/2015,3,10,32,2,bogr,g,0,2
21N,8/20/2015,3,11,39,10,stco,g,0,10
21N,8/20/2015,3,12,43,8,sihy,b,0,8
21N,8/20/2015,3,13,37,5,bogr,g,0,5
21N,8/20/2015,3,14,21,6,sihy,g,0,6
21N,8/20/2015,3,15,25,5,bogr,g,0,5
21N,8/20/2015,3,16,28,5,bogr,g,0,5
21N,8/20/2015,3,17,31,3,arfr,g,1,
21N,8/20/2015,3,18,30,1,bogr,g,0,1
21N,8/20/2015,3,19,22,1,bogr,g,0,1
21N,8/20/2015,3,20,27,9,arlo,g,1,
21N,8/20/2015,3,21,18,4,bogr,g,0,4
21N,8/20/2015,3,22,15,3,bogr,g,0,3
21N,8/20/2015,3,23,22,4,bogr,g,0,4
21N,8/20/2015,3,24,23,3,bogr,g,0,3
21N,8/20/2015,3,25,26,4,bogr,g,0,4
21N,8/20/2015,4,1,30,6,bogr,g,0,6
21N,8/20/2015,4,2,32,4,bogr,g,0,4
21N,8/20/2015,4,3,44,4,bogr,g,0,4
21N,8/20/2015,4,4,40,6,pasm,g,0,6
21N,8/20/2015,4,5,37,10,pasm,g,0,10
21N,8/20/2015,4,6,37,10,pasm,g,0,10
21N,8/20/2015,4,7,40,6,pasm,b,0,6
21N,8/20/2015,4,8,41,4,bogr,g,0,4
21N,8/20/2015,4,9,32,9,bogr,g,0,9
21N,8/20/2015,4,10,22,3,thfi,g,1,
21N,8/20/2015,4,11,32,13,pasm,b,0,13
21N,8/20/2015,4,12,48,3,pasm,g,0,3
21N,8/20/2015,4,13,36,10,arfr,g,1,
21N,8/20/2015,4,14,28,5,bogr,g,0,5
21N,8/20/2015,4,15,40,4,bogr,g,0,4
21N,8/20/2015,4,16,25,7,bogr,g,0,7
21N,8/20/2015,4,17,37,6,arlo,g,1,
21N,8/20/2015,4,18,28,6,bogr,g,0,6
21N,8/20/2015,4,19,12,3,bogr,g,0,3
21N,8/20/2015,4,20,25,3,bogr,g,0,3
21N,8/20/2015,4,21,25,5,bogr,g,0,5
21N,8/20/2015,4,22,31,2,bogr,g,0,2
21N,8/20/2015,4,23,41,2,bogr,g,0,2
21N,8/20/2015,4,24,35,3,bogr,b,0,3
21N,8/20/2015,4,25,34,2,bogr,g,0,2
21N,8/25/2015,1,1,46,2,BOGR,G,0,2
21N,8/25/2015,1,2,29,3,BOGR,B,0,3
21N,8/25/2015,1,3,34,8,BOGR,G,0,8
21N,8/25/2015,1,4,43,5,BOGR,G,0,5
21N,8/25/2015,1,5,28,5,SIHY,G,0,5
21N,8/25/2015,1,6,25,4,STCO,G,0,4
21N,8/25/2015,1,7,28,7,STCO,G,0,7
21N,8/25/2015,1,8,34,3,BOGR,B,0,3
21N,8/25/2015,1,9,22,5,TAPA,G,0,5
21N,8/25/2015,1,10,34,6,BOGR,G,0,6
21N,8/25/2015,1,11,65,4,BOGR,G,0,4
21N,8/25/2015,1,12,28,5,BOGR,G,0,5
21N,8/25/2015,1,13,42,6,PASM,G,0,6
21N,8/25/2015,1,14,34,8,PASM,G,0,8
21N,8/25/2015,1,15,30,3,BOGR,G,0,3
21N,8/25/2015,1,16,12,3,BOGR,G,0,3
21N,8/25/2015,1,17,42,8,ARLO,G,1,
21N,8/25/2015,1,18,13,4,BOGR,G,0,4
21N,8/25/2015,1,19,26,6,STCO,G,0,6
21N,8/25/2015,1,20,20,6,BOGR,G,0,6
21N,8/25/2015,1,21,26,2,BOGR,G,0,2
21N,8/25/2015,1,22,24,6,BOGR,G,0,6
21N,8/25/2015,1,23,31,6,ARLO,G,1,
21N,8/25/2015,1,24,32,8,BOGR,G,0,8
21N,8/25/2015,1,25,29,2,BOGR,G,0,2
21N,8/25/2015,2,1,10,3,BOGR,G,0,3
21N,8/25/2015,2,2,30,5,PASM,G,0,5
21N,8/25/2015,2,3,23,4,BOGR,G,0,4
21N,8/25/2015,2,4,22,3,BOGR,G,0,3
21N,8/25/2015,2,5,32,7,GUSA,G,0,7
21N,8/25/2015,2,6,11,2,BOGR,B,0,2
21N,8/25/2015,2,7,30,3,PASM,G,0,3
21N,8/25/2015,2,8,46,11,PASM,B,0,11
21N,8/25/2015,2,9,24,5,BOGR,G,0,5
21N,8/25/2015,2,10,37,14,PASM,G,0,14
21N,8/25/2015,2,11,21,3,BOGR,G,0,3
21N,8/25/2015,2,12,25,2,BOGR,G,0,2
21N,8/25/2015,2,13,36,3,BOGR,G,0,3
21N,8/25/2015,2,14,16,1,BUDA,G,0,1
21N,8/25/2015,2,15,22,2,BOGR,G,0,2
21N,8/25/2015,2,16,14,2,BOGR,G,0,2
21N,8/25/2015,2,17,28,4,PASM,G,0,4
21N,8/25/2015,2,18,24,6,PASM,G,0,6
21N,8/25/2015,2,19,20,4,BOGR,G,0,4
21N,8/25/2015,2,20,16,5,BOGR,G,0,5
21N,8/25/2015,2,21,22,3,BOGR,G,0,3
21N,8/25/2015,2,22,11,2,BOGR,G,0,2
21N,8/25/2015,2,23,27,3,BOGR,G,0,3
21N,8/25/2015,2,24,26,21,GUSA,G,0,21
21N,8/25/2015,2,25,22,2,BOGR,G,0,2
21N,8/25/2015,3,1,21,10,ARFR,G,1,
21N,8/25/2015,3,2,36,18,EREF,G,1,
21N,8/25/2015,3,3,26,12,EREF,G,1,
21N,8/25/2015,3,4,14,4,SIHY,G,0,4
21N,8/25/2015,3,5,24,4,SIHY,B,0,4
21N,8/25/2015,3,6,12,5,BOGR,G,0,5
21N,8/25/2015,3,7,15,2,BOGR,G,0,2
21N,8/25/2015,3,8,24,5,ARFR,G,1,
21N,8/25/2015,3,9,28,4,SIHY,G,0,4
21N,8/25/2015,3,10,27,2,BOGR,G,0,2
21N,8/25/2015,3,11,33,8,SIHY,B,0,8
21N,8/25/2015,3,12,31,10,SIHY,G,0,10
21N,8/25/2015,3,13,34,12,SIHY,G,0,12
21N,8/25/2015,3,14,28,3,BOGR,G,0,3
21N,8/25/2015,3,15,16,5,SIHY,G,0,5
21N,8/25/2015,3,16,45,5,BOGR,G,0,5
21N,8/25/2015,3,17,35,5,BOGR,G,0,5
21N,8/25/2015,3,18,34,6,BOGR,G,0,6
21N,8/25/2015,3,19,9,5,BOGR,G,0,5
21N,8/25/2015,3,20,21,3,BUDA,G,0,3
21N,8/25/2015,3,21,16,7,BOGR,G,0,7
21N,8/25/2015,3,22,12,3,BOGR,G,0,3
21N,8/25/2015,3,23,30,7,OPPO,G,1,
21N,8/25/2015,3,24,15,4,BOGR,G,0,4
21N,8/25/2015,3,25,17,3,BOGR,G,0,3
21N,8/25/2015,4,1,30,6,BOGR,B,0,6
21N,8/25/2015,4,2,34,5,BOGR,G,0,5
21N,8/25/2015,4,3,44,14,ARFR,G,1,
21N,8/25/2015,4,4,32,5,PASM,G,0,5
21N,8/25/2015,4,5,32,15,PASM,G,0,15
21N,8/25/2015,4,6,34,13,PASM,G,0,13
21N,8/25/2015,4,7,32,3,BOGR,G,0,3
21N,8/25/2015,4,8,36,5,PASM,G,0,5
21N,8/25/2015,4,9,38,4,BOGR,G,0,4
21N,8/25/2015,4,10,14,4,BUDA,G,0,4
21N,8/25/2015,4,11,37,6,BOGR,G,0,6
21N,8/25/2015,4,12,50,9,PASM,G,0,9
21N,8/25/2015,4,13,32,8,THFI,G,1,
21N,8/25/2015,4,14,28,6,AFRF,G,0,6
21N,8/25/2015,4,15,27,5,PASM,G,0,5
21N,8/25/2015,4,16,17,2,BOGR,G,0,2
21N,8/25/2015,4,17,35,10,BOGR,B,0,10
21N,8/25/2015,4,18,24,3,BOGR,G,0,3
21N,8/25/2015,4,19,24,4,BOGR,G,0,4
21N,8/25/2015,4,20,37,6,BOGR,G,0,6
21N,8/25/2015,4,21,30,6,ARFR,G,1,
21N,8/25/2015,4,22,40,4,BOGR,G,0,4
21N,8/25/2015,4,23,37,3,BOGR,B,0,3
21N,8/25/2015,4,24,20,2,BOGR,G,0,2
21N,8/25/2015,4,25,36,4,ARFR,G,1,
21N,9/2/2015,1,1,29,3,pasm,g,0,3
21N,9/2/2015,1,2,16,0,bogr,g,0,0
21N,9/2/2015,1,3,24,5,pasm,g,0,5
21N,9/2/2015,1,4,26,2,bogr,g,0,2
21N,9/2/2015,1,5,26,6,pasm,g,0,6
21N,9/2/2015,1,6,18,1,bogr,g,0,1
21N,9/2/2015,1,7,32,8,sihy,g,0,8
21N,9/2/2015,1,8,8,1,bogr,g,0,1
21N,9/2/2015,1,9,25,1,bogr,g,0,1
21N,9/2/2015,1,10,26,5,arfr,g,1,
21N,9/2/2015,1,11,27,2,arlo,g,1,
21N,9/2/2015,1,12,36,1,bogr,g,0,1
21N,9/2/2015,1,13,46,3,pasm,g,0,3
21N,9/2/2015,1,14,37,3,oppo,g,1,
21N,9/2/2015,1,15,25,1,bogr,g,0,1
21N,9/2/2015,1,16,12,7,gusa,g,0,7
21N,9/2/2015,1,17,44,5,raco,g,0,5
21N,9/2/2015,1,18,19,1,bogr,g,0,1
21N,9/2/2015,1,19,21,2,bogr,g,0,2
21N,9/2/2015,1,20,30,7,bogr,g,0,7
21N,9/2/2015,1,21,28,9,gusa,g,0,9
21N,9/2/2015,1,22,21,1,bogr,g,0,1
21N,9/2/2015,1,23,8,1,bogr,g,0,1
21N,9/2/2015,1,24,34,1,bogr,g,0,1
21N,9/2/2015,1,25,34,3,pasm,g,0,3
21N,9/2/2015,2,1,11,2,bogr,b,0,2
21N,9/2/2015,2,2,32,5,pasm,g,0,5
21N,9/2/2015,2,3,21,4,bogr,g,0,4
21N,9/2/2015,2,4,20,3,gusa,g,0,3
21N,9/2/2015,2,5,26,5,gusa,g,0,5
21N,9/2/2015,2,6,14,1,bogr,g,0,1
21N,9/2/2015,2,7,35,3,pasm,g,0,3
21N,9/2/2015,2,8,28,8,pasm,g,0,8
21N,9/2/2015,2,9,32,3,bogr,g,0,3
21N,9/2/2015,2,10,42,10,pasm,g,0,10
21N,9/2/2015,2,11,13,2,pasm,g,0,2
21N,9/2/2015,2,12,27,1,bogr,g,0,1
21N,9/2/2015,2,13,28,3,pasm,g,0,3
21N,9/2/2015,2,14,29,1,bogr,g,0,1
21N,9/2/2015,2,15,31,4,bogr,g,0,4
21N,9/2/2015,2,16,16,0,bogr,g,0,0
21N,9/2/2015,2,17,25,3,pasm,g,0,3
21N,9/2/2015,2,18,19,2,bogr,g,0,2
21N,9/2/2015,2,19,24,3,bogr,g,0,3
21N,9/2/2015,2,20,14,1,bogr,g,0,1
21N,9/2/2015,2,21,19,3,arlo,g,1,
21N,9/2/2015,2,22,22,1,bogr,g,0,1
21N,9/2/2015,2,23,19,3,bogr,g,0,3
21N,9/2/2015,2,24,29,6,arfr,g,1,
21N,9/2/2015,2,25,22,3,bogr,g,0,3
21N,9/2/2015,3,1,12,3,bogr,g,0,3
21N,9/2/2015,3,2,30,6,spcr,b,0,6
21N,9/2/2015,3,3,12,3,bogr,g,0,3
21N,9/2/2015,3,4,22,5,sihy,g,0,5
21N,9/2/2015,3,5,26,10,sihy,b,0,10
21N,9/2/2015,3,6,20,2,sihy,b,0,2
21N,9/2/2015,3,7,22,9,eref,g,1,
21N,9/2/2015,3,8,28,3,bogr,g,0,3
21N,9/2/2015,3,9,35,5,stco,b,0,5
21N,9/2/2015,3,10,32,3,stco,b,0,3
21N,9/2/2015,3,11,19,1,bogr,b,0,1
21N,9/2/2015,3,12,26,1,bogr,g,0,1
21N,9/2/2015,3,13,22,3,sihy,b,0,3
21N,9/2/2015,3,14,24,6,sihy,g,0,6
21N,9/2/2015,3,15,10,2,bogr,g,0,2
21N,9/2/2015,3,16,15,1,bogr,g,0,1
21N,9/2/2015,3,17,21,3,bogr,g,0,3
21N,9/2/2015,3,18,22,2,bogr,b,0,2
21N,9/2/2015,3,19,9,2,bogr,g,0,2
21N,9/2/2015,3,20,34,4,bogr,g,0,4
21N,9/2/2015,3,21,31,7,bogr,b,0,7
21N,9/2/2015,3,22,13,2,bogr,g,0,2
21N,9/2/2015,3,23,31,9,pasm,g,0,9
21N,9/2/2015,3,24,10,1,bogr,g,0,1
21N,9/2/2015,3,25,16,3,bogr,g,0,3
21N,9/2/2015,4,1,27,2,bogr,g,0,2
21N,9/2/2015,4,2,21,3,bogr,g,0,3
21N,9/2/2015,4,3,40,3,bogr,b,0,3
21N,9/2/2015,4,4,34,7,pasm,g,0,7
21N,9/2/2015,4,5,26,7,pasm,g,0,7
21N,9/2/2015,4,6,44,13,pasm,g,0,13
21N,9/2/2015,4,7,50,11,pasm,g,0,11
21N,9/2/2015,4,8,30,7,pasm,g,0,7
21N,9/2/2015,4,9,31,3,bogr,g,0,3
21N,9/2/2015,4,10,12,1,bogr,g,0,1
21N,9/2/2015,4,11,25,3,bogr,g,0,3
21N,9/2/2015,4,12,32,9,pasm,g,0,9
21N,9/2/2015,4,13,21,5,bogr,g,0,5
21N,9/2/2015,4,14,33,0,bogr,g,0,0
21N,9/2/2015,4,15,20,2,bogr,g,0,2
21N,9/2/2015,4,16,11,1,bogr,g,0,1
21N,9/2/2015,4,17,34,11,arlo,b,1,
21N,9/2/2015,4,18,26,3,bogr,g,0,3
21N,9/2/2015,4,19,34,6,bogr,g,0,6
21N,9/2/2015,4,20,22,3,gusa,g,0,3
21N,9/2/2015,4,21,9,3,bogr,g,0,3
21N,9/2/2015,4,22,6,1,bogr,g,0,1
21N,9/2/2015,4,23,36,6,pasm,b,0,6
21N,9/2/2015,4,24,45,4,bogr,b,0,4
21N,9/2/2015,4,25,31,0,bogr,g,0,0
21N,9/10/2015,1,1,42,3,bogr,b,0,3
21N,9/10/2015,1,2,33,3,pasm,b,0,3
21N,9/10/2015,1,3,24,3,pasm,b,0,3
21N,9/10/2015,1,4,32,5,bogr,b,0,5
21N,9/10/2015,1,5,8,2,bogr,g,0,2
21N,9/10/2015,1,6,39,4,bogr,b,0,4
21N,9/10/2015,1,7,27,3,pasm,b,0,3
21N,9/10/2015,1,8,44,2,pasm,b,0,2
21N,9/10/2015,1,9,22,3,pasm,b,0,3
21N,9/10/2015,1,10,24,1,bogr,b,0,1
21N,9/10/2015,1,11,18,5,bogr,b,0,5
21N,9/10/2015,1,12,29,1,bogr,b,0,1
21N,9/10/2015,1,13,38,8,pasm,b,0,8
21N,9/10/2015,1,14,25,3,pasm,b,0,3
21N,9/10/2015,1,15,22,1,bogr,b,0,1
21N,9/10/2015,1,16,11,5,arfr,g,1,
21N,9/10/2015,1,17,51,1,arlo,b,1,
21N,9/10/2015,1,18,14,1,bogr,b,0,1
21N,9/10/2015,1,19,54,4,vuoc,b,1,
21N,9/10/2015,1,20,12,5,eref,g,1,
21N,9/10/2015,1,21,19,1,bogr,b,0,1
21N,9/10/2015,1,22,22,1,bogr,b,0,1
21N,9/10/2015,1,23,5,1,bogr,g,0,1
21N,9/10/2015,1,24,21,3,bogr,b,0,3
21N,9/10/2015,1,25,28,4,pasm,b,0,4
21N,9/10/2015,2,1,29,3,pasm,b,0,3
21N,9/10/2015,2,2,12,2,bogr,b,0,2
21N,9/10/2015,2,3,22,2,bogr,b,0,2
21N,9/10/2015,2,4,28,3,pasm,b,0,3
21N,9/10/2015,2,5,21,1,bogr,b,0,1
21N,9/10/2015,2,6,21,1,bogr,b,0,1
21N,9/10/2015,2,7,34,7,pasm,b,0,7
21N,9/10/2015,2,8,24,2,bogr,b,0,2
21N,9/10/2015,2,9,36,3,pasm,b,0,3
21N,9/10/2015,2,10,26,1,bogr,b,0,1
21N,9/10/2015,2,11,28,5,pasm,b,0,5
21N,9/10/2015,2,12,31,2,pasm,b,0,2
21N,9/10/2015,2,13,22,7,gusa,g,0,7
21N,9/10/2015,2,14,30,0,pasm,b,0,0
21N,9/10/2015,2,15,23,1,bogr,b,0,1
21N,9/10/2015,2,16,33,4,pasm,b,0,4
21N,9/10/2015,2,17,28,1,bogr,b,0,1
21N,9/10/2015,2,18,8,1,bogr,g,0,1
21N,9/10/2015,2,19,20,3,arlo,b,1,
21N,9/10/2015,2,20,29,4,sihy,b,0,4
21N,9/10/2015,2,21,27,4,gusa,b,0,4
21N,9/10/2015,2,22,28,2,bogr,b,0,2
21N,9/10/2015,2,23,32,2,arfr,g,1,
21N,9/10/2015,2,24,27,2,bogr,b,0,2
21N,9/10/2015,2,25,14,1,bogr,g,0,1
21N,9/10/2015,3,1,11,2,bogr,g,0,2
21N,9/10/2015,3,2,46,5,pasm,b,0,5
21N,9/10/2015,3,3,21,2,bogr,b,0,2
21N,9/10/2015,3,4,31,1,sihy,b,0,1
21N,9/10/2015,3,5,39,9,stco,b,0,9
21N,9/10/2015,3,6,16,2,bogr,b,0,2
21N,9/10/2015,3,7,44,3,bogr,b,0,3
21N,9/10/2015,3,8,6,2,bogr,b,0,2
21N,9/10/2015,3,9,46,2,bogr,b,0,2
21N,9/10/2015,3,10,24,2,bogr,b,0,2
21N,9/10/2015,3,11,34,4,arfr,b,1,
21N,9/10/2015,3,12,36,3,stco,b,0,3
21N,9/10/2015,3,13,8,0,bogr,g,0,0
21N,9/10/2015,3,14,24,3,bogr,b,0,3
21N,9/10/2015,3,15,23,5,sihy,b,0,5
21N,9/10/2015,3,16,11,2,bogr,b,0,2
21N,9/10/2015,3,17,24,1,sihy,b,0,1
21N,9/10/2015,3,18,30,1,bogr,b,0,1
21N,9/10/2015,3,19,12,3,bogr,b,0,3
21N,9/10/2015,3,20,30,7,arlo,b,1,
21N,9/10/2015,3,21,22,4,bogr,b,0,4
21N,9/10/2015,3,22,16,2,bogr,b,0,2
21N,9/10/2015,3,23,24,7,pasm,b,0,7
21N,9/10/2015,3,24,12,3,bogr,g,0,3
21N,9/10/2015,3,25,16,2,bogr,b,0,2
21N,9/10/2015,4,1,21,3,bogr,b,0,3
21N,9/10/2015,4,2,35,2,bogr,b,0,2
21N,9/10/2015,4,3,20,7,pasm,b,0,7
21N,9/10/2015,4,4,30,4,pasm,b,0,4
21N,9/10/2015,4,5,34,10,pasm,b,0,10
21N,9/10/2015,4,6,37,9,pasm,b,0,9
21N,9/10/2015,4,7,36,5,bogr,b,0,5
21N,9/10/2015,4,8,14,0,bogr,g,0,0
21N,9/10/2015,4,9,21,1,bogr,b,0,1
21N,9/10/2015,4,10,15,2,bogr,b,0,2
21N,9/10/2015,4,11,29,1,bogr,b,0,1
21N,9/10/2015,4,12,31,1,bogr,b,0,1
21N,9/10/2015,4,13,8,0,bogr,g,0,0
21N,9/10/2015,4,14,22,2,bogr,b,0,2
21N,9/10/2015,4,15,10,2,bogr,b,0,2
21N,9/10/2015,4,16,36,5,arlo,b,1,
21N,9/10/2015,4,17,22,3,bogr,b,0,3
21N,9/10/2015,4,18,30,3,bogr,b,0,3
21N,9/10/2015,4,19,38,4,bogr,b,0,4
21N,9/10/2015,4,20,7,1,bogr,g,0,1
21N,9/10/2015,4,21,21,1,bogr,b,0,1
21N,9/10/2015,4,22,44,2,oppo,b,1,
21N,9/10/2015,4,23,29,0,bogr,b,0,0
21N,9/10/2015,4,24,27,0,bogr,b,0,0
21N,9/10/2015,4,25,29,2,bogr,b,0,2
21N,9/16/2015,1,1,28,2,bogr,b,0,2
21N,9/16/2015,1,2,10,2,bogr,b,0,2
21N,9/16/2015,1,3,12,1,bogr,b,0,1
21N,9/16/2015,1,4,41,4,bogr,b,0,4
21N,9/16/2015,1,5,6,2,bogr,b,0,2
21N,9/16/2015,1,6,10,2,bogr,b,0,2
21N,9/16/2015,1,7,22,11,gusa,b,0,11
21N,9/16/2015,1,8,16,2,bogr,b,0,2
21N,9/16/2015,1,9,7,2,bogr,b,0,2
21N,9/16/2015,1,10,46,3,stco,b,0,3
21N,9/16/2015,1,11,40,2,bogr,b,0,2
21N,9/16/2015,1,12,34,5,raco,b,0,5
21N,9/16/2015,1,13,14,1,eref,b,1,
21N,9/16/2015,1,14,23,3,bogr,b,0,3
21N,9/16/2015,1,15,30,5,arfr,b,1,
21N,9/16/2015,1,16,56,5,eref,b,1,
21N,9/16/2015,1,17,16,3,arlo,b,1,
21N,9/16/2015,1,18,18,1,bogr,b,0,1
21N,9/16/2015,1,19,24,1,bogr,b,0,1
21N,9/16/2015,1,20,14,1,bogr,b,0,1
21N,9/16/2015,1,21,20,1,bogr,b,0,1
21N,9/16/2015,1,22,41,3,arfr,b,1,
21N,9/16/2015,1,23,9,2,bogr,b,0,2
21N,9/16/2015,1,24,30,3,arfr,b,1,
21N,9/16/2015,1,25,16,0,bogr,b,0,0
21N,9/16/2015,2,1,12,1,bogr,b,0,1
21N,9/16/2015,2,2,24,3,bogr,b,0,3
21N,9/16/2015,2,3,24,2,bogr,b,0,2
21N,9/16/2015,2,4,16,3,gusa,b,0,3
21N,9/16/2015,2,5,25,4,pasm,b,0,4
21N,9/16/2015,2,6,36,7,gusa,b,0,7
21N,9/16/2015,2,7,31,4,pasm,b,0,4
21N,9/16/2015,2,8,19,2,bogr,b,0,2
21N,9/16/2015,2,9,16,0,bogr,b,0,0
21N,9/16/2015,2,10,44,11,pasm,b,0,11
21N,9/16/2015,2,11,36,7,pasm,b,0,7
21N,9/16/2015,2,12,18,3,bogr,b,0,3
21N,9/16/2015,2,13,22,2,bogr,b,0,2
21N,9/16/2015,2,14,9,0,bogr,b,0,0
21N,9/16/2015,2,15,32,14,gusa,b,0,14
21N,9/16/2015,2,16,31,1,bogr,b,0,1
21N,9/16/2015,2,17,17,2,bogr,b,0,2
21N,9/16/2015,2,18,16,1,bogr,b,0,1
21N,9/16/2015,2,19,14,4,oppo,b,1,
21N,9/16/2015,2,20,19,3,bogr,b,0,3
21N,9/16/2015,2,21,5,3,bogr,b,0,3
21N,9/16/2015,2,22,6,0,bogr,b,0,0
21N,9/16/2015,2,23,18,5,gusa,b,0,5
21N,9/16/2015,2,24,4,1,bogr,b,0,1
21N,9/16/2015,2,25,23,18,gusa,b,0,18
21N,9/16/2015,3,1,20,1,bogr,b,0,1
21N,9/16/2015,3,2,76,7,arlo,b,1,
21N,9/16/2015,3,3,14,1,bogr,b,0,1
21N,9/16/2015,3,4,26,4,sihy,b,0,4
21N,9/16/2015,3,5,32,4,sihy,b,0,4
21N,9/16/2015,3,6,25,7,sihy,b,0,7
21N,9/16/2015,3,7,42,5,arlo,b,1,
21N,9/16/2015,3,8,26,2,sihy,b,0,2
21N,9/16/2015,3,9,24,3,bogr,b,0,3
21N,9/16/2015,3,10,16,2,bogr,b,0,2
21N,9/16/2015,3,11,16,5,sihy,b,0,5
21N,9/16/2015,3,12,34,1,bogr,b,0,1
21N,9/16/2015,3,13,6,2,bogr,b,0,2
21N,9/16/2015,3,14,16,1,bogr,b,0,1
21N,9/16/2015,3,15,24,3,sihy,b,0,3
21N,9/16/2015,3,16,22,1,bogr,b,0,1
21N,9/16/2015,3,17,34,5,pasm,b,0,5
21N,9/16/2015,3,18,29,3,bogr,b,0,3
21N,9/16/2015,3,19,6,1,bogr,b,0,1
21N,9/16/2015,3,20,10,1,bogr,b,0,1
21N,9/16/2015,3,21,18,4,bogr,b,0,4
21N,9/16/2015,3,22,41,3,bogr,b,0,3
21N,9/16/2015,3,23,14,3,bogr,b,0,3
21N,9/16/2015,3,24,6,2,bogr,b,0,2
21N,9/16/2015,3,25,26,2,pasm,b,0,2
21N,9/16/2015,4,1,29,2,bogr,b,0,2
21N,9/16/2015,4,2,26,2,bogr,b,0,2
21N,9/16/2015,4,3,35,3,pasm,b,0,3
21N,9/16/2015,4,4,54,4,pasm,b,0,4
21N,9/16/2015,4,5,29,5,pasm,b,0,5
21N,9/16/2015,4,6,32,5,pasm,b,0,5
21N,9/16/2015,4,7,42,6,bogr,b,0,6
21N,9/16/2015,4,8,30,5,pasm,b,0,5
21N,9/16/2015,4,9,11,0,bogr,b,0,0
21N,9/16/2015,4,10,32,2,bogr,b,0,2
21N,9/16/2015,4,11,6,2,bogr,b,0,2
21N,9/16/2015,4,12,5,1,bogr,b,0,1
21N,9/16/2015,4,13,9,2,bogr,b,0,2
21N,9/16/2015,4,14,23,2,bogr,b,0,2
21N,9/16/2015,4,15,22,5,bogr,b,0,5
21N,9/16/2015,4,16,9,2,bogr,b,0,2
21N,9/16/2015,4,17,15,4,arfr,b,1,
21N,9/16/2015,4,18,24,3,oppo,b,1,
21N,9/16/2015,4,19,16,2,bogr,b,0,2
21N,9/16/2015,4,20,29,1,bogr,b,0,1
21N,9/16/2015,4,21,37,2,bogr,b,0,2
21N,9/16/2015,4,22,34,2,bogr,b,0,2
21N,9/16/2015,4,23,42,2,pasm,b,0,2
21N,9/16/2015,4,24,30,0,bogr,b,0,0
21N,9/16/2015,4,25,20,0,bogr,b,0,0
21N,9/22/2015,1,1,16,1,bogr,b,0,1
21N,9/22/2015,1,2,28,2,bogr,b,0,2
21N,9/22/2015,1,3,28,4,pasm,b,0,4
21N,9/22/2015,1,4,24,0,bogr,b,0,0
21N,9/22/2015,1,5,5,1,bogr,b,0,1
21N,9/22/2015,1,6,3,0,bogr,b,0,0
21N,9/22/2015,1,7,54,2,bogr,b,0,2
21N,9/22/2015,1,8,31,1,bogr,b,0,1
21N,9/22/2015,1,9,6,1,bogr,b,0,1
21N,9/22/2015,1,10,23,2,bogr,b,0,2
21N,9/22/2015,1,11,6,1,bogr,b,0,1
21N,9/22/2015,1,12,10,1,bogr,b,0,1
21N,9/22/2015,1,13,38,3,pasm,b,0,3
21N,9/22/2015,1,14,33,3,bogr,b,0,3
21N,9/22/2015,1,15,11,1,bogr,b,0,1
21N,9/22/2015,1,16,25,3,bogr,b,0,3
21N,9/22/2015,1,17,8,3,bogr,b,0,3
21N,9/22/2015,1,18,22,0,bogr,b,0,0
21N,9/22/2015,1,19,46,4,bogr,b,0,4
21N,9/22/2015,1,20,9,1,bogr,b,0,1
21N,9/22/2015,1,21,17,3,arfr,g,1,
21N,9/22/2015,1,22,28,4,eref,g,1,
21N,9/22/2015,1,23,19,3,bogr,b,0,3
21N,9/22/2015,1,24,28,15,gusa,g,0,15
21N,9/22/2015,1,25,18,0,bogr,b,0,0
21N,9/22/2015,2,1,8,2,bogr,b,0,2
21N,9/22/2015,2,2,19,2,pasm,b,0,2
21N,9/22/2015,2,3,30,5,gusa,b,0,5
21N,9/22/2015,2,4,19,7,arfr,g,1,
21N,9/22/2015,2,5,21,1,pasm,b,0,1
21N,9/22/2015,2,6,32,3,bogr,b,0,3
21N,9/22/2015,2,7,28,3,bogr,b,0,3
21N,9/22/2015,2,8,41,1,pasm,b,0,1
21N,9/22/2015,2,9,3,0,bogr,b,0,0
21N,9/22/2015,2,10,48,1,pasm,b,0,1
21N,9/22/2015,2,11,31,3,pasm,b,0,3
21N,9/22/2015,2,12,24,2,bogr,b,0,2
21N,9/22/2015,2,13,24,3,arlo,b,1,
21N,9/22/2015,2,14,21,1,bogr,b,0,1
21N,9/22/2015,2,15,24,4,pasm,b,0,4
21N,9/22/2015,2,16,38,2,bogr,b,0,2
21N,9/22/2015,2,17,28,1,bogr,b,0,1
21N,9/22/2015,2,18,5,0,bogr,b,0,0
21N,9/22/2015,2,19,10,2,bogr,b,0,2
21N,9/22/2015,2,20,11,1,bogr,b,0,1
21N,9/22/2015,2,21,6,1,bogr,b,0,1
21N,9/22/2015,2,22,4,1,bogr,b,0,1
21N,9/22/2015,2,23,6,2,bogr,b,0,2
21N,9/22/2015,2,24,5,3,bogr,b,0,3
21N,9/22/2015,2,25,14,0,bogr,b,0,0
21N,9/22/2015,3,1,27,2,bogr,b,0,2
21N,9/22/2015,3,2,10,1,eref,b,1,
21N,9/22/2015,3,3,19,3,pasm,b,0,3
21N,9/22/2015,3,4,28,7,sihy,b,0,7
21N,9/22/2015,3,5,22,3,bogr,b,0,3
21N,9/22/2015,3,6,31,5,sihy,b,0,5
21N,9/22/2015,3,7,24,1,arfr,g,1,
21N,9/22/2015,3,8,14,0,bogr,b,0,0
21N,9/22/2015,3,9,9,2,bogr,b,0,2
21N,9/22/2015,3,10,22,1,bogr,b,0,1
21N,9/22/2015,3,11,21,3,bogr,b,0,3
21N,9/22/2015,3,12,36,3,bogr,b,0,3
21N,9/22/2015,3,13,16,1,bogr,b,0,1
21N,9/22/2015,3,14,36,1,bogr,b,0,1
21N,9/22/2015,3,15,14,0,bogr,b,0,0
21N,9/22/2015,3,16,16,3,bogr,b,0,3
21N,9/22/2015,3,17,21,3,bogr,b,0,3
21N,9/22/2015,3,18,30,5,bogr,b,0,5
21N,9/22/2015,3,19,14,3,bogr,b,0,3
21N,9/22/2015,3,20,7,3,bogr,b,0,3
21N,9/22/2015,3,21,5,1,bogr,b,0,1
21N,9/22/2015,3,22,38,3,bogr,b,0,3
21N,9/22/2015,3,23,39,3,bogr,b,0,3
21N,9/22/2015,3,24,8,2,bogr,b,0,2
21N,9/22/2015,3,25,22,3,bogr,b,0,3
21N,9/22/2015,4,1,29,0,bogr,b,0,0
21N,9/22/2015,4,2,42,2,bogr,b,0,2
21N,9/22/2015,4,3,28,3,bogr,b,0,3
21N,9/22/2015,4,4,20,2,bogr,b,0,2
21N,9/22/2015,4,5,23,6,pasm,b,0,6
21N,9/22/2015,4,6,38,9,pasm,b,0,9
21N,9/22/2015,4,7,36,5,pasm,b,0,5
21N,9/22/2015,4,8,24,4,pasm,b,0,4
21N,9/22/2015,4,9,6,3,bogr,b,0,3
21N,9/22/2015,4,10,24,1,bogr,b,0,1
21N,9/22/2015,4,11,16,1,oppo,b,1,
21N,9/22/2015,4,12,7,1,bogr,b,0,1
21N,9/22/2015,4,13,26,2,bogr,b,0,2
21N,9/22/2015,4,14,5,0,bogr,b,0,0
21N,9/22/2015,4,15,15,2,pasm,b,0,2
21N,9/22/2015,4,16,4,2,bogr,b,0,2
21N,9/22/2015,4,17,38,8,arlo,b,1,
21N,9/22/2015,4,18,28,2,bogr,b,0,2
21N,9/22/2015,4,19,31,3,bogr,b,0,3
21N,9/22/2015,4,20,9,1,bogr,b,0,1
21N,9/22/2015,4,21,10,3,bogr,b,0,3
21N,9/22/2015,4,22,10,1,bogr,b,0,1
21N,9/22/2015,4,23,22,2,arlo,b,1,
21N,9/22/2015,4,24,24,1,bogr,b,0,1
21N,9/22/2015,4,25,5,2,bogr,b,0,2
21N,9/29/2015,1,1,16,3,arfr,,1,
21N,9/29/2015,1,2,28,2,bogr,,0,2
21N,9/29/2015,1,3,14,3,bogr,,0,3
21N,9/29/2015,1,4,6,1,bogr,,0,1
21N,9/29/2015,1,5,12,2,bogr,,0,2
21N,9/29/2015,1,6,15,3,bogr,,0,3
21N,9/29/2015,1,7,22,3,pasm,,0,3
21N,9/29/2015,1,8,22,1,bogr,,0,1
21N,9/29/2015,1,9,18,1,bogr,,0,1
21N,9/29/2015,1,10,22,1,bogr,,0,1
21N,9/29/2015,1,11,32,1,bogr,,0,1
21N,9/29/2015,1,12,24,1,pasm,,0,1
21N,9/29/2015,1,13,24,1,pasm,,0,1
21N,9/29/2015,1,14,24,5,bogr,,0,5
21N,9/29/2015,1,15,24,3,bogr,,0,3
21N,9/29/2015,1,16,33,0,arlo,,1,
21N,9/29/2015,1,17,31,3,bogr,,0,3
21N,9/29/2015,1,18,24,1,bogr,,0,1
21N,9/29/2015,1,19,24,1,bogr,,0,1
21N,9/29/2015,1,20,29,2,arfr,,1,
21N,9/29/2015,1,21,11,3,bogr,,0,3
21N,9/29/2015,1,22,15,0,bogr,,0,0
21N,9/29/2015,1,23,14,3,bogr,,0,3
21N,9/29/2015,1,24,20,1,arlo,,1,
21N,9/29/2015,1,25,12,2,bogr,,0,2
21N,9/29/2015,2,1,10,2,bogr,,0,2
21N,9/29/2015,2,2,6,0,bogr,,0,0
21N,9/29/2015,2,3,14,2,bogr,,0,2
21N,9/29/2015,2,4,24,1,pasm,,0,1
21N,9/29/2015,2,5,24,2,bogr,,0,2
21N,9/29/2015,2,6,10,3,bogr,,0,3
21N,9/29/2015,2,7,11,2,bogr,,0,2
21N,9/29/2015,2,8,39,5,pasm,,0,5
21N,9/29/2015,2,9,22,2,pasm,,0,2
21N,9/29/2015,2,10,41,3,pasm,,0,3
21N,9/29/2015,2,11,31,4,pasm,,0,4
21N,9/29/2015,2,12,30,2,pasm,,0,2
21N,9/29/2015,2,13,25,0,bogr,,0,0
21N,9/29/2015,2,14,23,2,pasm,,0,2
21N,9/29/2015,2,15,41,3,bogr,,0,3
21N,9/29/2015,2,16,14,0,bogr,,0,0
21N,9/29/2015,2,17,22,4,pasm,,0,4
21N,9/29/2015,2,18,29,3,pasm,,0,3
21N,9/29/2015,2,19,4,0,bogr,,0,0
21N,9/29/2015,2,20,9,0,bogr,,0,0
21N,9/29/2015,2,21,6,1,bogr,,0,1
21N,9/29/2015,2,22,3,0,bogr,,0,0
21N,9/29/2015,2,23,8,2,bogr,,0,2
21N,9/29/2015,2,24,20,3,gusa,,0,3
21N,9/29/2015,2,25,23,3,bogr,,0,3
21N,9/29/2015,3,1,11,1,bogr,,0,1
21N,9/29/2015,3,2,29,1,pasm,,0,1
21N,9/29/2015,3,3,8,1,bogr,,0,1
21N,9/29/2015,3,4,18,2,bogr,,0,2
21N,9/29/2015,3,5,16,1,pasm,,0,1
21N,9/29/2015,3,6,38,1,bogr,,0,1
21N,9/29/2015,3,7,31,0,bogr,,0,0
21N,9/29/2015,3,8,6,1,bogr,,0,1
21N,9/29/2015,3,9,10,1,bogr,,0,1
21N,9/29/2015,3,10,20,5,eref,,1,
21N,9/29/2015,3,11,11,1,bogr,,0,1
21N,9/29/2015,3,12,13,4,stco,,0,4
21N,9/29/2015,3,13,8,0,bogr,,0,0
21N,9/29/2015,3,14,4,0,bogr,,0,0
21N,9/29/2015,3,15,4,1,bogr,,0,1
21N,9/29/2015,3,16,8,1,bogr,,0,1
21N,9/29/2015,3,17,15,2,oppo,,1,
21N,9/29/2015,3,18,14,1,bogr,,0,1
21N,9/29/2015,3,19,8,0,bogr,,0,0
21N,9/29/2015,3,20,14,2,bogr,,0,2
21N,9/29/2015,3,21,10,3,bogr,,0,3
21N,9/29/2015,3,22,39,2,bogr,,0,2
21N,9/29/2015,3,23,24,5,eref,,1,
21N,9/29/2015,3,24,19,0,bogr,,0,0
21N,9/29/2015,3,25,35,7,pasm,,0,7
21N,9/29/2015,4,1,12,0,bogr,,0,0
21N,9/29/2015,4,2,31,3,bogr,,0,3
21N,9/29/2015,4,3,39,1,pasm,,0,1
21N,9/29/2015,4,4,16,2,bogr,,0,2
21N,9/29/2015,4,5,38,4,pasm,,0,4
21N,9/29/2015,4,6,28,6,pasm,,0,6
21N,9/29/2015,4,7,33,3,pasm,,0,3
21N,9/29/2015,4,8,5,1,bogr,,0,1
21N,9/29/2015,4,9,16,5,eref,,1,
21N,9/29/2015,4,10,23,1,bogr,,0,1
21N,9/29/2015,4,11,8,1,bogr,,0,1
21N,9/29/2015,4,12,6,3,bogr,,0,3
21N,9/29/2015,4,13,30,3,bogr,,0,3
21N,9/29/2015,4,14,20,2,bogr,,0,2
21N,9/29/2015,4,15,29,3,bogr,,0,3
21N,9/29/2015,4,16,4,0,bogr,,0,0
21N,9/29/2015,4,17,4,0,bogr,,0,0
21N,9/29/2015,4,18,8,2,gusa,,0,2
21N,9/29/2015,4,19,8,1,bogr,,0,1
21N,9/29/2015,4,20,3,1,bogr,,0,1
21N,9/29/2015,4,21,8,0,bogr,,0,0
21N,9/29/2015,4,22,5,2,bogr,,0,2
21N,9/29/2015,4,23,38,4,pasm,,0,4
21N,9/29/2015,4,24,17,1,bogr,,0,1
21N,9/29/2015,4,25,16,0,bogr,,0,0
