startDateTime,PAR_MJ_m2_day
2014-02-18,
2014-02-19,6.6207263130000005
2014-02-20,7.167989574
2014-02-21,7.23969981
2014-02-22,3.789000468
2014-02-23,4.055491494
2014-02-24,6.533434008
2014-02-25,4.700786382
2014-02-26,7.545114144
2014-02-27,5.708793888000001
2014-02-28,7.416435438
2014-03-01,5.323372722
2014-03-02,7.191020052
2014-03-03,7.672852025999999
2014-03-04,4.7642473260000004
2014-03-05,8.339791122
2014-03-06,3.04087194
2014-03-07,1.941075621
2014-03-08,8.820627084000002
2014-03-09,8.14641237
2014-03-10,4.308209172000001
2014-03-11,4.440917916
2014-03-12,9.161218512
2014-03-13,9.026341667999999
2014-03-14,9.167934366
2014-03-15,6.2200818
2014-03-16,9.290374199999999
2014-03-17,7.674614099999999
2014-03-18,5.442599826
2014-03-19,9.478875384
2014-03-20,8.876401128000001
2014-03-21,7.478155332
2014-03-22,6.709273488
2014-03-23,9.389190941999999
2014-03-24,8.324839116
2014-03-25,9.66163833
2014-03-26,6.900488082000001
2014-03-27,8.527869198000001
2014-03-28,9.889399206
2014-03-29,7.910255034
2014-03-30,6.187505111999999
2014-03-31,10.516497822
2014-04-01,9.178258463999999
2014-04-02,8.561908368000001
2014-04-03,9.323180837999999
2014-04-04,8.622923958000001
2014-04-05,8.303137092
2014-04-06,8.098347564
2014-04-07,9.317625245999999
2014-04-08,11.412364626
2014-04-09,8.292134313
2014-04-10,9.947017777500001
2014-04-11,11.601901242
2014-04-12,5.613903378
2014-04-13,4.880948922
2014-04-14,12.144225833999998
2014-04-15,8.947861704
2014-04-16,10.227369204
2014-04-17,10.82094111
2014-04-18,10.021100112
2014-04-19,8.973379584
2014-04-20,9.154161018
2014-04-21,11.466358199999998
2014-04-22,8.437381902
2014-04-23,8.027595891
2014-04-24,11.055301551000001
2014-04-25,9.830333263500002
2014-04-26,8.605364976
2014-04-27,2.666540934
2014-04-28,10.555845552
2014-04-29,7.601441382
2014-04-30,8.806709196
2014-05-01,12.406303134
2014-05-02,10.213640532
2014-05-03,11.646381456
2014-05-04,10.607837903999998
2014-05-05,5.583460626
2014-05-06,9.11149281
2014-05-07,4.391227692
2014-05-08,5.501753478
2014-05-09,8.653638051
2014-05-10,8.293684176
2014-05-11,4.584323277
2014-05-12,12.032365671
2014-05-13,13.503262526999999
2014-05-14,12.953407401
2014-05-15,11.507153958
2014-05-16,9.648382041
2014-05-17,10.016348031
2014-05-18,11.870077472999998
2014-05-19,12.716184411
2014-05-20,11.596394925
2014-05-21,10.937746512
2014-05-22,10.279098098999999
2014-05-23,8.980061274
2014-05-24,7.768661022
2014-05-25,10.334121192
2014-05-26,9.102231738
2014-05-27,13.266831222
2014-05-28,13.755337002000001
2014-05-29,13.270474944
2014-05-30,4.691751318
2014-05-31,10.902989898
2014-06-01,12.561728310000001
2014-06-02,13.721869422000001
2014-06-03,12.447221094000001
2014-06-04,11.172572766
2014-06-05,9.897924438
2014-06-06,8.623276109999999
2014-06-07,7.348627781999999
2014-06-08,6.073979454
2014-06-09,13.688116704
2014-06-10,12.332189592
2014-06-11,7.6825861380000005
2014-06-12,7.384171482
2014-06-13,13.410199133999999
2014-06-14,9.825687288000001
2014-06-15,11.820744
2014-06-16,11.847649464
2014-06-17,13.663623744
2014-06-18,11.496594653999999
2014-06-19,13.560297354000001
2014-06-20,14.28283179
2014-06-21,9.596689937999999
2014-06-22,8.016867738
2014-06-23,12.575082492
2014-06-24,10.578077118000001
2014-06-25,10.309482378
2014-06-26,12.410333172
2014-06-27,7.02901962
2014-06-28,12.826520334000001
2014-06-29,14.124381129000001
2014-06-30,14.225472405000001
2014-07-01,13.950643392000002
2014-07-02,13.261945769999999
2014-07-03,12.975681672
2014-07-04,9.163281492000001
2014-07-05,13.053232638
2014-07-06,11.366396964
2014-07-07,14.155955892000001
2014-07-08,11.315454498
2014-07-09,11.240640594
2014-07-10,11.492173044
2014-07-11,9.693919368000001
2014-07-12,8.262590994
2014-07-13,13.124417274
2014-07-14,11.538984294
2014-07-15,8.302576014
2014-07-16,4.971216779999999
2014-07-17,11.714785668
2014-07-18,9.750761694
2014-07-19,11.864965355999999
2014-07-20,11.48217219
2014-07-21,10.069041402
2014-07-22,13.53121722
2014-07-23,9.773048448
2014-07-24,10.419565356000001
2014-07-25,8.891184942
2014-07-26,8.530314552
2014-07-27,8.169444162
2014-07-28,11.612874456
2014-07-29,5.931477468000001
2014-07-30,2.808710478
2014-07-31,12.757368456
2014-08-01,12.840212214
2014-08-02,13.158625950000001
2014-08-03,12.654374508
2014-08-04,8.745087852
2014-08-05,7.395078996
2014-08-06,10.109622978
2014-08-07,9.780050754000001
2014-08-08,11.395483667999999
2014-08-09,9.624552651
2014-08-10,11.584386936
2014-08-11,12.274577262
2014-08-12,12.236485716
2014-08-13,11.605061412000001
2014-08-14,5.893071218999999
2014-08-15,9.909196586999999
2014-08-16,11.743172667
2014-08-17,12.112185258
2014-08-18,9.741492081
2014-08-19,9.864427293
2014-08-20,9.334332755999998
2014-08-21,8.254591362
2014-08-22,5.355940212
2014-08-23,7.796324007
2014-08-24,11.378419406999999
2014-08-25,8.359767863999998
2014-08-26,7.3519482599999995
2014-08-27,5.381448894
2014-08-28,6.549623145
2014-08-29,7.717797396000001
2014-08-30,8.276681673
2014-08-31,8.83556595
2014-09-01,9.394450227
2014-09-02,11.044874961
2014-09-03,10.6062949395
2014-09-04,10.167714918
2014-09-05,9.7291348965
2014-09-06,9.290554875
2014-09-07,9.247709277
2014-09-08,7.85974142475
2014-09-09,6.4717735725
2014-09-10,5.08380572025
2014-09-11,3.6958378680000004
2014-09-12,5.8629306869999995
2014-09-13,9.104967486
2014-09-14,7.685725284
2014-09-15,9.501325731000001
2014-09-16,9.371586627000001
2014-09-17,9.548583412500001
2014-09-18,9.725580198
2014-09-19,8.640501336000002
2014-09-20,9.39061269
2014-09-21,8.416256724
2014-09-22,5.72130054
2014-09-23,4.474392723
2014-09-24,9.071704890000001
2014-09-25,9.091168515000001
2014-09-26,8.963311716
2014-09-27,9.028764684
2014-09-28,6.785831727
2014-09-29,5.223181536
2014-09-30,6.457108347
2014-10-01,4.780043577000001
2014-10-02,8.098182657
2014-10-03,8.296492851
2014-10-04,8.304664617
2014-10-05,6.6403108259999994
2014-10-06,7.624435068
2014-10-07,8.128063017
2014-10-08,7.332228405
2014-10-09,1.868673564
2014-10-10,2.292795315
2014-10-11,6.261977376
2014-10-12,3.644897373
2014-10-13,7.530272514000001
2014-10-14,7.620757182
2014-10-15,4.893425352
2014-10-16,6.145487334000001
2014-10-17,7.077411612
2014-10-18,7.018204743
2014-10-19,7.020295974
2014-10-20,6.9628452659999995
2014-10-21,6.591567996
2014-10-22,5.967137457000001
2014-10-23,4.800997278
2014-10-24,5.593893129
2014-10-25,6.740360757
2014-10-26,4.092517386000001
2014-10-27,6.003951795
2014-10-28,5.976255303
2014-10-29,6.352442334
2014-10-30,6.275648232
2014-10-31,5.510192643
2014-11-01,4.173072156
2014-11-02,3.4327882080000003
2014-11-03,2.211308262
2014-11-04,5.997291786
2014-11-05,5.535567297
2014-11-06,5.793590907
2014-11-07,3.927075588
2014-11-08,5.600247633
2014-11-09,4.727396196
2014-11-10,2.342013156
2014-11-11,3.480117831
2014-11-12,4.3809417
2014-11-13,4.54798395
2014-11-14,3.827666232
2014-11-15,2.91911013
2014-11-16,4.976035875
2014-11-17,5.04104931
2014-11-18,3.012206373
2014-11-19,4.675990545
2014-11-20,4.748261201999999
2014-11-21,4.728947373
2014-11-22,1.5046140959999998
2014-11-23,2.5909888905000003
2014-11-24,3.677363685
2014-11-25,2.908251891
2014-11-26,3.547807884
2014-11-27,2.6651763450000003
2014-11-28,2.412833157
2014-11-29,4.015697661
2014-11-30,4.220196795
2014-12-01,3.8784115979999996
2014-12-02,4.390000416
2014-12-03,3.0004927199999996
2014-12-04,2.030545881
2014-12-05,3.985837011
2014-12-06,1.71583434
2014-12-07,3.543063687
2014-12-08,3.533228397
2014-12-09,2.6860906260000004
2014-12-10,3.540966543
2014-12-11,4.21127802
2014-12-12,3.966728166
2014-12-13,1.9299578670000002
2014-12-14,1.333491876
2014-12-15,3.3001891829999996
2014-12-16,2.285406036
2014-12-17,3.0600878760000003
2014-12-18,3.5029834020000004
2014-12-19,4.0942065329999995
2014-12-20,3.174997176
2014-12-21,1.9510101180000001
2014-12-22,2.2800311189999998
2014-12-23,3.906149481
2014-12-24,3.125410758
2014-12-25,1.1281491540000002
2014-12-26,2.2814068769999998
2014-12-27,4.351169745
2014-12-28,4.304127888
2014-12-29,2.925504054
2014-12-30,3.367930482
2014-12-31,4.581134199
2015-01-01,4.567004099999999
2015-01-02,4.2579710099999994
2015-01-03,2.4542537220000002
2015-01-04,3.342130092
2015-01-05,2.585185281
2015-01-06,3.5700171120000004
2015-01-07,1.822993668
2015-01-08,4.409828676
2015-01-09,2.068929135
2015-01-10,1.6735701870000002
2015-01-11,1.3643794169999999
2015-01-12,1.545053103
2015-01-13,1.6052147572500002
2015-01-14,1.6653764115
2015-01-15,1.7255380657500001
2015-01-16,1.78569972
2015-01-17,1.84586137425
2015-01-18,1.9060230285
2015-01-19,1.96618468275
2015-01-20,2.026346337
2015-01-21,2.08650799125
2015-01-22,2.1466696455000003
2015-01-23,2.20683129975
2015-01-24,2.266992954
2015-01-25,3.6105921179999996
2015-01-26,5.254806231
2015-01-27,4.939695891
2015-01-28,4.624585551
2015-01-29,4.3094752110000005
2015-01-30,2.692135683
2015-01-31,1.998288495
2015-02-01,4.734237536999999
2015-02-02,4.34985903
2015-02-03,5.205964851
2015-02-04,3.5688502800000004
2015-02-05,5.190662007
2015-02-06,3.75349356
2015-02-07,5.834877444
2015-02-08,6.171991371
2015-02-09,6.213317328
2015-02-10,5.000472332999999
2015-02-11,5.697157761
2015-02-12,5.39647974
2015-02-13,6.577573896
2015-02-14,3.257178021
2015-02-15,2.294478549
2015-02-16,4.691888631
2015-02-17,5.808848417999999
2015-02-18,5.703900552
2015-02-19,6.4364601509999995
2015-02-20,3.2206553909999998
2015-02-21,2.795522517
2015-02-22,5.660169975
2015-02-23,6.857924994
2015-02-24,7.571206242000001
2015-02-25,4.3048236509999995
2015-02-26,3.177939879
2015-02-27,6.326490177
2015-02-28,6.477991092
2015-03-01,4.448450421
2015-03-02,6.986162196
2015-03-03,5.2746246359999995
2015-03-04,7.448580477
2015-03-05,7.014810681
2015-03-06,8.311736565
2015-03-07,8.41847607
2015-03-08,8.462403747
2015-03-09,8.569764117
2015-03-10,8.591133698999998
2015-03-11,8.724984966
2015-03-12,8.858836232999998
2015-03-13,8.992687499999999
2015-03-14,9.126538767
2015-03-15,9.260390034
2015-03-16,9.394241301
2015-03-17,9.528092568
2015-03-18,9.661943835
2015-03-19,9.795795102
2015-03-20,9.929646369
2015-03-21,9.8679346875
2015-03-22,7.2880691355
2015-03-23,7.134105456
2015-03-24,9.9262782585
2015-03-25,5.8706461665
2015-03-26,7.7581979685
2015-03-27,9.0971692245
2015-03-28,10.415507067
2015-03-29,10.488938643
2015-03-30,10.376348224500001
2015-03-31,10.3208133285
2015-04-01,6.5544668774999995
2015-04-02,2.732888079
2015-04-03,10.213468726499999
2015-04-04,11.0012636295
2015-04-05,10.979333298
2015-04-06,11.045845678500001
2015-04-07,10.427732194499999
2015-04-08,5.7804847425
2015-04-09,9.81128322
2015-04-10,11.169746680500001
2015-04-11,9.302878552500001
2015-04-12,9.844938045
2015-04-13,11.946936618
2015-04-14,11.8043357535
2015-04-15,8.547586425
2015-04-16,1.921795956
2015-04-17,2.1492050085
2015-04-18,8.6381666865
2015-04-19,12.0688419825
2015-04-20,11.548879371
2015-04-21,11.5692723225
2015-04-22,10.08763713
2015-04-23,8.565583626
2015-04-24,8.3829872295
2015-04-25,9.7505734635
2015-04-26,2.4075794565
2015-04-27,2.6152637265
2015-04-28,8.471590577999999
2015-04-29,12.978812277000001
2015-04-30,9.0549484335
2015-05-01,5.8953546225
2015-05-02,8.708857586999999
2015-05-03,8.520774912
2015-05-04,5.419047689999999
2015-05-05,2.4089355045000005
2015-05-06,4.619740176
2015-05-07,6.3459843525
2015-05-08,2.830616172
2015-05-09,1.3062378735
2015-05-10,7.970611653
2015-05-11,12.611872192499998
2015-05-12,10.618372242000001
2015-05-13,4.588885156500001
2015-05-14,11.4056655255
2015-05-15,4.484423142
2015-05-16,10.536520553999999
2015-05-17,10.5565271895
2015-05-18,4.764291345
2015-05-19,2.8184028705000004
2015-05-20,4.8312353745
2015-05-21,4.3127125785
2015-05-22,4.553347041
2015-05-23,4.144175325
2015-05-24,10.691317966500002
2015-05-25,5.8772864655
2015-05-26,10.2034994085
2015-05-27,11.903801283
2015-05-28,9.184936869
2015-05-29,9.6105220875
2015-05-30,13.155277878
2015-05-31,8.5806469935
2015-06-01,11.11607093025
2015-06-02,13.651494867
2015-06-03,9.5029922115
2015-06-04,11.388729707999998
2015-06-05,6.8289581925
2015-06-06,11.7865750725
2015-06-07,9.3030362325
2015-06-08,14.043982068
2015-06-09,14.0358901275
2015-06-10,4.8772680795
2015-06-11,5.278493709
2015-06-12,11.034824832
2015-06-13,9.9719147925
2015-06-14,13.269613617000001
2015-06-15,7.147657066500001
2015-06-16,7.4776635675
2015-06-17,12.619226979
2015-06-18,9.1621668915
2015-06-19,13.505838952500001
2015-06-20,13.788767132999999
2015-06-21,13.330912702500001
2015-06-22,13.90611456
2015-06-23,11.8837532565
2015-06-24,9.5732504775
2015-06-25,11.349027855000001
2015-06-26,11.8690771905
2015-06-27,14.020722297
2015-06-28,11.581503363
2015-06-29,12.39015933
2015-06-30,11.904621219000001
2015-07-01,9.8527402485
2015-07-02,11.0531915955
2015-07-03,12.7978084485
2015-07-04,11.5079269185
2015-07-05,8.2149614505
2015-07-06,4.6963716705
2015-07-07,4.040573652
2015-07-08,3.7642325535
2015-07-09,8.697137035499999
2015-07-10,10.426174119
2015-07-11,12.277373782500002
2015-07-12,13.168143580499999
2015-07-13,9.3261718305
2015-07-14,10.084595877
2015-07-15,10.088364429
2015-07-16,12.431085174000001
2015-07-17,11.356190469000001
2015-07-18,9.878334669
2015-07-19,10.182877821
2015-07-20,12.799354698
2015-07-21,7.6081457385
2015-07-22,10.574297725500001
2015-07-23,12.406743324
2015-07-24,11.0732583465
2015-07-25,12.6578733615
2015-07-26,12.784252896
2015-07-27,12.510124245000002
2015-07-28,12.751284964499998
2015-07-29,12.0879508275
2015-07-30,13.0471182675
2015-07-31,12.147868242000001
2015-08-01,12.2892510285
2015-08-02,8.422309664999998
2015-08-03,6.903104256
2015-08-04,8.8453069605
2015-08-05,11.964195679500001
2015-08-06,11.0200581
2015-08-07,10.844736664500001
2015-08-08,10.669415229
2015-08-09,11.1941141535
2015-08-10,11.4928172325
2015-08-11,10.8120752235
2015-08-12,9.1177326675
2015-08-13,7.9430245515
2015-08-14,11.842535704500001
2015-08-15,8.888635453500001
2015-08-16,7.699634631
2015-08-17,7.219757232
2015-08-18,8.344075419
2015-08-19,8.9412885285
2015-08-20,9.538501638
2015-08-21,10.1357147475
2015-08-22,10.4359059315
2015-08-23,10.3819754295
2015-08-24,10.8066234375
2015-08-25,10.624915962
2015-08-26,8.305600842
2015-08-27,8.101564893
2015-08-28,9.0367475625
2015-08-29,10.301771826
2015-08-30,10.906525872
2015-08-31,6.216348726
2015-09-01,10.122380604
2015-09-02,9.50357727
2015-09-03,5.566871376
2015-09-04,8.333711244
2015-09-05,10.113420437999999
2015-09-06,9.944639765999998
2015-09-07,10.215135863999999
2015-09-08,10.485631962
2015-09-09,10.75612806
2015-09-10,9.701766575999999
2015-09-11,8.934767694
2015-09-12,10.3205502
2015-09-13,9.372336264000001
2015-09-14,7.9604025300000005
2015-09-15,9.12363417
2015-09-16,9.273882186
2015-09-17,8.0037711
2015-09-18,9.568043424
2015-09-19,10.098756198
2015-09-20,10.014792912
2015-09-21,9.856316628
2015-09-22,7.13268765
2015-09-23,8.7729436665
2015-09-24,9.51996942
2015-09-25,9.5241134475
2015-09-26,8.854478023499999
2015-09-27,8.0376128415
2015-09-28,7.007443083
2015-09-29,4.6701859500000005
2015-09-30,6.1824238739999995
2015-10-01,5.971371165
2015-10-02,1.2909113774999998
2015-10-03,2.9323759455
2015-10-04,1.4107678875
2015-10-05,8.1733063365
2015-10-06,2.2503330765
2015-10-07,8.255072285999999
2015-10-08,7.6720632975
2015-10-09,6.70187304
2015-10-10,7.951944312
2015-10-11,6.6998478375
2015-10-12,8.021723625
2015-10-13,7.91648208
2015-10-14,7.807158594
2015-10-15,7.324202493
2015-10-16,7.578855693
2015-10-17,7.358922643500001
2015-10-18,6.5274296849999995
2015-10-19,3.8770072604999997
2015-10-20,4.7734555095
2015-10-21,1.3230426195
2015-10-22,0.9384808095
2015-10-23,5.809837859999999
2015-10-24,7.1121564
2015-10-25,6.508042928999999
2015-10-26,3.8770466805
2015-10-27,5.225812821000001
2015-10-28,6.003995156999999
2015-10-29,5.371523923500001
2015-10-30,4.539891024
2015-10-31,6.5597097374999995
2015-11-01,4.087741653
2015-11-02,6.319806516
2015-11-03,6.29427024
2015-11-04,4.854984939
2015-11-05,4.181346414
2015-11-06,2.6246141505
2015-11-07,6.1204999815
2015-11-08,6.005664594000001
2015-11-09,5.468527674000001
2015-11-10,5.6602044675
2015-11-11,5.450776848
2015-11-12,5.267126952000001
2015-11-13,5.593408263000001
2015-11-14,5.561480034
2015-11-15,5.4137112075000005
2015-11-16,1.286075529
2015-11-17,3.3064165575
2015-11-18,4.692927348
2015-11-19,4.2014404305
2015-11-20,3.974011011
2015-11-21,4.748120275500001
2015-11-22,5.116995882
2015-11-23,4.6964603655
2015-11-24,4.4006684535
2015-11-25,3.622713768
2015-11-26,2.4771252059999997
2015-11-27,3.013672797
2015-11-28,2.771322579
2015-11-29,3.9681098369999996
2015-11-30,4.414734495
2015-12-01,3.2012016209999996
2015-12-02,4.601055753000001
2015-12-03,4.422977217000001
2015-12-04,3.815844174
2015-12-05,2.599989462
2015-12-06,3.4455937949999997
2015-12-07,1.8176394465
2015-12-08,3.6029909565
2015-12-09,2.1421350315
2015-12-10,2.908764351
2015-12-11,2.5907543415000003
2015-12-12,1.1211806835
2015-12-13,2.818283625
2015-12-14,4.475819727
2015-12-15,2.5890149339999997
2015-12-16,4.401222304499999
2015-12-17,4.0666726485
2015-12-18,4.1894206155
2015-12-19,4.3621334325
2015-12-20,1.9570758705
2015-12-21,4.1751486044999995
2015-12-22,4.2818220810000005
2015-12-23,3.8332195245
2015-12-24,4.309130286
2015-12-25,2.0815445205
2015-12-26,4.2682290795
2015-12-27,4.424252454
2015-12-28,4.3277572215
2015-12-29,3.986077473
2015-12-30,3.5449134704999996
2015-12-31,4.633142975999999
2016-01-01,4.615025544
2016-01-02,4.6560785175
2016-01-03,4.640733297000001
2016-01-04,4.329733149
2016-01-05,4.6259261595
2016-01-06,4.3547875155
2016-01-07,2.2323723390000003
2016-01-08,2.7290751795
2016-01-09,3.5538815205
2016-01-10,4.8232015785
2016-01-11,4.387412492999999
2016-01-12,4.9152275685
2016-01-13,3.6867870359999997
2016-01-14,4.830523843499999
2016-01-15,2.535900426
2016-01-16,3.9850712775
2016-01-17,3.830057055
2016-01-18,2.0832297255
2016-01-19,5.0326794585
2016-01-20,3.7872006165
2016-01-21,5.0344198515
2016-01-22,5.1679018845
2016-01-23,4.08769632
2016-01-24,3.141034875
2016-01-25,4.85681994
2016-01-26,5.32311912
2016-01-27,5.446655487
2016-01-28,5.627790387
2016-01-29,5.219192232
2016-01-30,3.4077496095
2016-01-31,4.185658962
2016-02-01,2.2984057665
2016-02-02,4.735197414
2016-02-03,6.0810346485
2016-02-04,5.844304737
2016-02-05,6.505533846
2016-02-06,5.403715281
2016-02-07,5.823961060499999
2016-02-08,6.3145449314999995
2016-02-09,6.555754926
2016-02-10,6.4556409375
2016-02-11,5.176683675
2016-02-12,6.186123441
2016-02-13,6.2674025535
2016-02-14,3.003831594
2016-02-15,5.556063726
2016-02-16,4.876524026999999
2016-02-17,4.7771915400000005
2016-02-18,6.8952882555
2016-02-19,6.749766369
2016-02-20,7.046449172999999
2016-02-21,7.0731296145
2016-02-22,4.6441618515
2016-02-23,7.58174715
2016-02-24,7.7502479399999995
2016-02-25,7.7141638575
2016-02-26,7.8037734015
2016-02-27,5.250404002500001
2016-02-28,8.0593490295
2016-02-29,7.695127939499999
2016-03-01,7.361805231
2016-03-02,7.286863869
2016-03-03,6.892740738
2016-03-04,7.3437893055
2016-03-05,5.6933773830000005
2016-03-06,7.308592173
2016-03-07,0.817166745
2016-03-08,8.8284805335
2016-03-09,6.47842077
2016-03-10,7.8184810035
2016-03-11,9.158541237
2016-03-12,8.142378390000001
2016-03-13,6.6010347089999994
2016-03-14,8.556455925000002
2016-03-15,8.1880099965
2016-03-16,5.591989143
2016-03-17,2.9959682895
2016-03-18,6.3123393825
2016-03-19,9.9829740735
2016-03-20,10.042432245
2016-03-21,8.5554004545
2016-03-22,8.6378986305
2016-03-23,6.059877934499999
2016-03-24,10.027283139
2016-03-25,7.4161782225
2016-03-26,8.719398494999998
2016-03-27,10.7099853075
2016-03-28,6.24781377
2016-03-29,6.842483194500001
2016-03-30,3.995981748
2016-03-31,9.273921606
2016-04-01,11.1794361165
2016-04-02,11.2450290255
2016-04-03,11.226569625
2016-04-04,10.860192261
2016-04-05,8.581441306499999
2016-04-06,10.3993005195
2016-04-07,11.064650989499999
2016-04-08,11.0432735235
2016-04-09,10.367999068500001
2016-04-10,5.32414404
2016-04-11,4.139684401499999
2016-04-12,7.3788179175
2016-04-13,10.925980299
2016-04-14,11.5280212635
2016-04-15,6.1074736425000005
2016-04-16,2.7173772945
2016-04-17,6.032091762
2016-04-18,7.745805306
2016-04-19,7.2275450910000005
2016-04-20,6.709284876
2016-04-21,6.191024661
2016-04-22,5.672764446
2016-04-23,5.154504231
2016-04-24,4.636244016
2016-04-25,6.869431692000001
2016-04-26,9.102619368000001
2016-04-27,12.851743878
2016-04-28,3.0480007185
2016-04-29,2.3647220325
2016-04-30,3.772860606
2016-05-01,6.5627825264999995
2016-05-02,13.2041813445
2016-05-03,12.8837913525
2016-05-04,13.18557609
2016-05-05,9.4872866265
2016-05-06,5.7889971629999994
2016-05-07,2.0907076995
2016-05-08,7.523198594999999
2016-05-09,8.94303801
2016-05-10,7.3300474934999995
2016-05-11,9.786694009500001
2016-05-12,13.6016196975
2016-05-13,12.6601518375
2016-05-14,9.126334768500001
2016-05-15,5.592517699500001
2016-05-16,2.0587006305
2016-05-17,4.3799433885
2016-05-18,11.671804728
2016-05-19,11.103642297
2016-05-20,11.9027891745
2016-05-21,9.227057467500002
2016-05-22,13.220046252
2016-05-23,11.211899471999999
2016-05-24,9.432317736
2016-05-25,10.639330542
2016-05-26,5.525122968000001
2016-05-27,8.03915712
2016-05-28,10.526071626
2016-05-29,12.843459108
2016-05-30,9.959930784
2016-05-31,10.959826968
2016-06-01,13.169445426000001
2016-06-02,12.138679439999999
2016-06-03,11.10954807
2016-06-04,13.727912508
2016-06-05,13.143645036
2016-06-06,10.63467504
2016-06-07,10.24311618
2016-06-08,10.732675788
2016-06-09,12.828413808
2016-06-10,13.224893598
2016-06-11,12.47549706
2016-06-12,10.955425068
2016-06-13,8.814644442
2016-06-14,13.985364528000002
2016-06-15,13.953427758
2016-06-16,13.896546012
2016-06-17,12.634485803999999
2016-06-18,13.80673674
2016-06-19,10.996364051999999
2016-06-20,12.637816793999999
2016-06-21,12.83507316
2016-06-22,10.981088802
2016-06-23,8.10337887
2016-06-24,9.6986612655
2016-06-25,10.868176781999999
2016-06-26,13.116716248500001
2016-06-27,13.824024381000001
2016-06-28,10.6417453455
2016-06-29,9.6720764175
2016-06-30,8.608793858999999
2016-07-01,6.3167287995
2016-07-02,7.851918033
2016-07-03,12.100120767
2016-07-04,10.780666353
2016-07-05,7.9444426859999995
2016-07-06,11.623099346999998
2016-07-07,11.4702591375
2016-07-08,11.605403708999999
2016-07-09,11.113528833
2016-07-10,13.2438358935
2016-07-11,13.820759419500002
2016-07-12,13.8123018585
2016-07-13,12.746653114499999
2016-07-14,13.296315739499999
2016-07-15,12.376868877
2016-07-16,11.0729804355
2016-07-17,12.8572084755
2016-07-18,9.2479921155
2016-07-19,10.9560548025
2016-07-20,9.5674734765
2016-07-21,10.6474178835
2016-07-22,9.2990863485
2016-07-23,10.011868933499999
2016-07-24,11.4928921305
2016-07-25,13.390014123
2016-07-26,7.3309916025
2016-07-27,11.627179973999999
2016-07-28,8.911268118
2016-07-29,9.728669412
2016-07-30,10.458465012
2016-07-31,6.380483094
2016-08-01,12.402453114
2016-08-02,10.128541949999999
2016-08-03,11.541278538
2016-08-04,4.704809849999999
2016-08-05,5.465682864
2016-08-06,6.355087416
2016-08-07,11.412954612
2016-08-08,12.183524946
2016-08-09,11.435730174000001
2016-08-10,9.50380065
2016-08-11,8.525732962500001
2016-08-12,11.2431289815
2016-08-13,11.181587463
2016-08-14,11.8023213915
2016-08-15,10.616551038
2016-08-16,10.562723027999999
2016-08-17,11.643719949000001
2016-08-18,6.600689784
2016-08-19,6.591619241999999
2016-08-20,11.83177503
2016-08-21,11.842534719
2016-08-22,7.7143432185
2016-08-23,5.8161007125
2016-08-24,4.256932293
2016-08-25,8.0795399535
2016-08-26,9.462328510499999
2016-08-27,11.113611615
2016-08-28,8.32603617
2016-08-29,7.134224701499999
2016-08-30,7.61340141
2016-08-31,8.511988194
2016-09-01,9.2260844505
2016-09-02,6.513205963500001
2016-09-03,8.143961103
2016-09-04,6.533894565000001
2016-09-05,10.8800451585
2016-09-06,9.505717119
2016-09-07,7.4137775445
2016-09-08,10.431817092
2016-09-09,10.457461773
2016-09-10,10.5721138575
2016-09-11,9.482147901000001
2016-09-12,8.64346572
2016-09-13,2.0612126699999997
2016-09-14,8.610358833000001
2016-09-15,7.6523326019999995
2016-09-16,8.850846456000001
2016-09-17,8.956328463
2016-09-18,9.7273629675
2016-09-19,9.515674611
2016-09-20,5.573558321999999
2016-09-21,7.5578477895
2016-09-22,2.9241923534999996
2016-09-23,7.3822336605
2016-09-24,8.6192667675
2016-09-25,9.389207367000001
2016-09-26,9.281370015
2016-09-27,9.1271422215
2016-09-28,9.051604632
2016-09-29,8.819627787
2016-09-30,4.0875790455
2016-10-01,8.683664265
2016-10-02,8.723208437999999
2016-10-03,6.2985502664999995
2016-10-04,7.18978752
2016-10-05,7.98082866
2016-10-06,3.303894006
2016-10-07,8.317199519999999
2016-10-08,7.962193512
2016-10-09,7.789392
2016-10-10,7.91670546
2016-10-11,6.4693949040000005
2016-10-12,2.482788546
2016-10-13,7.701490656
2016-10-14,4.675495824
2016-10-15,6.659813214
2016-10-16,7.492958856
2016-10-17,7.457189148
2016-10-18,3.843547236
2016-10-19,7.029345492
2016-10-20,7.049575836
2016-10-21,6.774199542000001
2016-10-22,5.2538410980000005
2016-10-23,5.37409575
2016-10-24,5.3928163080000004
2016-10-25,3.4162988220000003
2016-10-26,6.589141037999999
2016-10-27,6.498104489999999
2016-10-28,3.1923840240000003
2016-10-29,5.476243482
2016-10-30,3.3983758620000004
2016-10-31,5.59805391
2016-11-01,5.738240628
2016-11-02,5.9974583355
2016-11-03,6.1584239924999995
2016-11-04,5.978667807
2016-11-05,5.5989930915
2016-11-06,5.8535536545
2016-11-07,5.81691375
2016-11-08,5.421931263
2016-11-09,5.7336912315
2016-11-10,5.6648373030000005
2016-11-11,5.2406574075
2016-11-12,4.720001496749999
2016-11-13,4.199345586
2016-11-14,4.9396975334999995
2016-11-15,5.3458851554999995
2016-11-16,4.242612978
2016-11-17,1.004088501
2016-11-18,5.406488478
2016-11-19,4.570853463
2016-11-20,3.9276048015000002
2016-11-21,3.460080645
2016-11-22,2.9100918195000003
2016-11-23,4.944048516
2016-11-24,4.6579450545
2016-11-25,4.738644693
2016-11-26,3.7422953235
2016-11-27,1.1541574845
2016-11-28,2.4060282795
2016-11-29,1.8121620375
2016-11-30,4.662019111499999
2016-12-01,3.136134969
2016-12-02,2.3809847535
2016-12-03,3.6705450104999997
2016-12-04,4.4728839225
2016-12-05,3.841425783
2016-12-06,2.925222201
2016-12-07,3.3458818905000003
2016-12-08,3.83503383
2016-12-09,4.3330266900000005
2016-12-10,1.8520767585
2016-12-11,2.8406751705
2016-12-12,3.9346944885000004
2016-12-13,2.1586283595
2016-12-14,1.6859076615
2016-12-15,2.9020540814999998
2016-12-16,2.384632089
2016-12-17,3.6841626494999997
2016-12-18,4.411459678499999
2016-12-19,3.6948612374999996
2016-12-20,3.5772694064999997
2016-12-21,3.4596775754999998
2016-12-22,2.614127445
2016-12-23,4.280651307
2016-12-24,4.298735231999999
2016-12-25,1.2589979310000001
2016-12-26,4.4371122435
2016-12-27,4.1867479395
2016-12-28,4.0130239995
2016-12-29,4.375399248
2016-12-30,2.7629941185
2016-12-31,4.383364059000001
2017-01-01,4.20514821
2017-01-02,3.8079532755
2017-01-03,2.38660506
2017-01-04,2.0521598670000003
2017-01-05,3.2916025214999998
2017-01-06,4.6112224995
2017-01-07,4.7997368235
2017-01-08,3.9779884889999995
2017-01-09,3.005020107
2017-01-10,4.5255766365
2017-01-11,2.8669052385
2017-01-12,2.499496056
2017-01-13,3.8737176614999997
2017-01-14,4.255426449
2017-01-15,1.471333761
2017-01-16,2.0569424984999998
2017-01-17,5.028505866
2017-01-18,4.865973264000001
2017-01-19,5.0970109275
2017-01-20,2.898172197
2017-01-21,4.1021299529999995
2017-01-22,5.145271848
2017-01-23,4.762529271
2017-01-24,4.028016410999999
2017-01-25,4.748970762
2017-01-26,5.088082297500001
2017-01-27,5.278282812
2017-01-28,3.820732254
2017-01-29,4.49311673025
2017-01-30,5.1655012065
2017-01-31,4.332263912999999
2017-02-01,0.8978151375000001
2017-02-02,2.3046558075
2017-02-03,2.7829642905000003
2017-02-04,6.1427289195
2017-02-05,5.530986693
2017-02-06,3.5726434695
2017-02-07,3.705704694
2017-02-08,5.9525688105
2017-02-09,5.7671115075
2017-02-10,3.5721231255
2017-02-11,3.253852944
2017-02-12,6.317317143
2017-02-13,5.382322047000001
2017-02-14,6.828153039
2017-02-15,6.824331269999999
2017-02-16,7.042692447
2017-02-17,6.107249934
2017-02-18,4.801996575
2017-02-19,3.937303107
2017-02-20,7.351025832
2017-02-21,7.4247836085
2017-02-22,6.253184745
2017-02-23,4.786124112
2017-02-24,7.0402316535
2017-02-25,7.4805254595
2017-02-26,7.917875576999999
2017-02-27,7.642976265000001
2017-02-28,4.3253466885
2017-03-01,8.0253689895
2017-03-02,8.16701589
2017-03-03,5.372289657
2017-03-04,5.08525884
2017-03-05,4.798228023
2017-03-06,7.201570814999999
2017-03-07,8.3971725165
2017-03-08,8.8595415225
2017-03-09,8.763686865
2017-03-10,6.357045604500001
2017-03-11,4.678770640500001
2017-03-12,7.132018167
2017-03-13,5.044001868
2017-03-14,4.3818276645
2017-03-15,9.25471224
2017-03-16,8.2128800745
2017-03-17,8.9666456625
2017-03-18,9.504437939999999
2017-03-19,8.570185911000001
2017-03-20,6.2759823165
2017-03-21,4.980169062
2017-03-22,8.479324781999999
2017-03-23,8.112036816
2017-03-24,8.341721388
2017-03-25,7.3925518455
2017-03-26,4.346049087
2017-03-27,8.071041987000001
2017-03-28,1.216919052
2017-03-29,8.5991803065
2017-03-30,7.8359539185
2017-03-31,1.3282431030000001
2017-04-01,3.843507159
2017-04-02,8.06152797
2017-04-03,7.875530613
2017-04-04,5.7244866615
2017-04-05,11.1897838665
2017-04-06,11.244450537
2017-04-07,8.610512571000001
2017-04-08,10.198363968
2017-04-09,10.078474936500001
2017-04-10,9.958585905
2017-04-11,9.8386968735
2017-04-12,11.3022077355
2017-04-13,11.486597742
2017-04-14,10.822646682
2017-04-15,11.0342837925
2017-04-16,11.245920903
2017-04-17,10.894569457500001
2017-04-18,10.543218012
2017-04-19,11.893110579
2017-04-20,7.76205423
2017-04-21,3.1323890835
2017-04-22,9.598860666000002
2017-04-23,9.5717544885
2017-04-24,6.978065328
2017-04-25,8.315158220999999
2017-04-26,8.962529229000001
2017-04-27,5.1102107145
2017-04-28,6.182530308
2017-04-29,4.6710088425
2017-04-30,12.510709632
2017-05-01,5.877255915
2017-05-02,6.890585778
2017-05-03,11.499381648
2017-05-04,13.327255512
2017-05-05,13.209985939500001
2017-05-06,12.763886552999999
2017-05-07,9.552433761
2017-05-08,8.346408426
2017-05-09,2.788659495
2017-05-10,3.5771629725
2017-05-11,12.8022471405
2017-05-12,13.582414273500001
2017-05-13,12.858532002
2017-05-14,12.965541534
2017-05-15,11.278828718999998
2017-05-16,8.452616418
2017-05-17,10.409393682
2017-05-18,3.5927677080000002
2017-05-19,7.753168962
2017-05-20,11.520735462
2017-05-21,9.279498222
2017-05-22,8.890731612
2017-05-23,7.793062002
2017-05-24,13.690079820000001
2017-05-25,5.026558518
2017-05-26,10.796992146
2017-05-27,10.698963804
2017-05-28,12.04409772
2017-05-29,10.08044298
2017-05-30,13.422110544
2017-05-31,12.925329192
2017-06-01,12.030283638
2017-06-02,6.9063771014999995
2017-06-03,13.7671580745
2017-06-04,13.887660086999999
2017-06-05,9.3595960485
2017-06-06,10.579954495500001
2017-06-07,11.4810306525
2017-06-08,12.3821068095
2017-06-09,12.9381732135
2017-06-10,11.553546699000002
2017-06-11,11.5383414195
2017-06-12,8.7968558385
2017-06-13,12.7558340325
2017-06-14,12.6384609825
2017-06-15,12.6022064085
2017-06-16,11.397450726
2017-06-17,7.792110666
2017-06-18,13.698335682
2017-06-19,13.082918525999998
2017-06-20,11.944041876
2017-06-21,13.150414764
2017-06-22,9.571946004
2017-06-23,11.166926508
2017-06-24,12.307226877
2017-06-25,10.194095439
2017-06-26,14.082043392000001
2017-06-27,10.939911984000002
2017-06-28,12.553233299999999
2017-06-29,10.978882596
2017-06-30,12.014641782
2017-07-01,14.026018374
2017-07-02,9.73511721
2017-07-03,10.485415151999998
2017-07-04,12.300746886
2017-07-05,13.815635148
2017-07-06,9.468402804
2017-07-07,9.141026274
2017-07-08,10.429726517999999
2017-07-09,10.967559858
2017-07-10,8.843444694
2017-07-11,8.732866338
2017-07-12,4.054494168
2017-07-13,12.784315968
2017-07-14,12.331031958
2017-07-15,9.72749601
2017-07-16,13.938423192
2017-07-17,10.904037156
2017-07-18,10.695112470000002
2017-07-19,9.885551814
2017-07-20,12.520743335999999
2017-07-21,10.876143564
2017-07-22,10.343760696
2017-07-23,11.801936718
2017-07-24,11.452089474
2017-07-25,6.432740874
2017-07-26,7.217811198
2017-07-27,10.266109866
2017-07-28,10.059545124
2017-07-29,6.412761504000001
2017-07-30,9.038070432
2017-07-31,11.731451129999998
2017-08-01,11.629043226
2017-08-02,11.499432894
2017-08-03,6.0616449359999995
2017-08-04,10.120445739
2017-08-05,7.969174794
2017-08-06,5.160361824
2017-08-07,3.210241284
2017-08-08,8.832864366
2017-08-09,8.621406288000001
2017-08-10,7.556151744
2017-08-11,8.137224882
2017-08-12,8.317354572
2017-08-13,9.428177322
2017-08-14,8.492067954
2017-08-15,9.772097111999999
2017-08-16,9.350589235500001
2017-08-17,8.097327243
2017-08-18,11.531791786500001
2017-08-19,10.732900482000002
2017-08-20,10.855178694000001
2017-08-21,9.447052932
2017-08-22,8.2174275
2017-08-23,7.021377396
2017-08-24,7.613272638
2017-08-25,6.8045516280000005
2017-08-26,10.1593224
2017-08-27,10.228366529999999
2017-08-28,10.70862039
2017-08-29,9.122586912000001
2017-08-30,8.902426212
2017-08-31,6.468694542000001
2017-09-01,9.441765396
2017-09-02,9.543680550000001
2017-09-03,10.362154068
2017-09-04,7.726908672
2017-09-05,9.2787949035
2017-09-06,9.460974762
2017-09-07,8.5592373345
2017-09-08,6.7483521765
2017-09-09,6.4576562850000006
2017-09-10,6.407959491
2017-09-11,7.4608075755000005
2017-09-12,8.60067531
2017-09-13,7.7982743115
2017-09-14,6.835159944
2017-09-15,8.6812862535
2017-09-16,5.9083730775
2017-09-17,7.8147085095
2017-09-18,9.4049763525
2017-09-19,7.7285324475
2017-09-20,9.357486093
2017-09-21,9.303091420500001
2017-09-22,7.6365498195
2017-09-23,2.002315248
2017-09-24,2.037227571
2017-09-25,7.342615575
2017-09-26,9.279693679500001
2017-09-27,2.5970457735
2017-09-28,4.179665151
2017-09-29,4.6822681799999994
2017-09-30,5.2832507175000005
2017-10-01,2.127174156
2017-10-02,0.9906314985
2017-10-03,6.5963782215
2017-10-04,3.377361717
2017-10-05,7.7999739705
2017-10-06,6.8188745565
2017-10-07,7.6964642775
2017-10-08,7.699137939
2017-10-09,4.956308136
2017-10-10,7.9143691679999995
2017-10-11,6.368500071000001
2017-10-12,7.4913600465000005
2017-10-13,7.283079549
2017-10-14,6.377905683
2017-10-15,7.3908252495
2017-10-16,6.141500001
2017-10-17,7.0419976695
2017-10-18,6.901874352
2017-10-19,5.947246125
2017-10-20,6.543774202500001
2017-10-21,6.7429023615000006
2017-10-22,5.8111091550000005
2017-10-23,4.862336769000001
2017-10-24,6.2582512005
2017-10-25,6.555244437
2017-10-26,2.32229133
2017-10-27,4.1667777675
2017-10-28,4.6538769105
2017-10-29,6.210925519500001
2017-10-30,2.933035245
2017-10-31,4.98858129
2017-11-01,4.099611015
2017-11-02,1.2700161494999997
2017-11-03,4.609596096
2017-11-04,5.863402741500001
2017-11-05,2.0266679384999997
2017-11-06,5.2768094895
2017-11-07,2.8987970040000004
2017-11-08,5.0483124450000005
2017-11-09,4.9373737245000004
2017-11-10,4.033521414
2017-11-11,5.056894179
2017-11-12,5.6010862935
2017-11-13,5.4931701015
2017-11-14,4.0081516875
2017-11-15,5.0390083395
2017-11-16,3.56248395
2017-11-17,4.133831517
2017-11-18,5.2340742675000005
2017-11-19,3.9211024725000003
2017-11-20,4.4531591399999995
2017-11-21,3.999486186
2017-11-22,4.231648304999999
2017-11-23,3.6339149610000003
2017-11-24,3.254193927
2017-11-25,4.714652695500001
2017-11-26,4.5867860415
2017-11-27,3.948529923
2017-11-28,3.1979879055
2017-11-29,2.1750428475000003
2017-11-30,4.631566176
2017-12-01,3.927247065
2017-12-02,4.5145745145
2017-12-03,2.8729108755
2017-12-04,4.224531024
2017-12-05,4.4457501509999995
2017-12-06,4.3564461119999995
2017-12-07,2.9562230745
2017-12-08,3.990415644
2017-12-09,4.3763482845
2017-12-10,4.361595349500001
2017-12-11,4.109696622
2017-12-12,4.2910296075
2017-12-13,3.5454466260000004
2017-12-14,2.2081536765000003
2017-12-15,4.294281757499999
2017-12-16,2.880060678
2017-12-17,2.929367214
2017-12-18,3.0889738665
2017-12-19,4.075598322
2017-12-20,4.147509271500001
2017-12-21,3.06291429
2017-12-22,4.2064185195
2017-12-23,2.658888855
2017-12-24,4.341588713999999
2017-12-25,2.5905621689999996
2017-12-26,2.0815731
2017-12-27,2.5459298595
2017-12-28,3.784568346
2017-12-29,2.1893936985
2017-12-30,3.1216293944999998
2017-12-31,1.530654948
2018-01-01,3.3067447289999996
2018-01-02,4.3833256245
2018-01-03,4.188991923
2018-01-04,4.438800405
2018-01-05,1.7346771
2018-01-06,2.1372016185
2018-01-07,4.356808775999999
2018-01-08,2.043609669
2018-01-09,4.1651635185
2018-01-10,1.0467892305
2018-01-11,4.6557454185
2018-01-12,2.4655938705000002
2018-01-13,2.4623042715
2018-01-14,4.7633984819999995
2018-01-15,4.4428537665
2018-01-16,4.912021737
2018-01-17,4.974805971
2018-01-18,4.2064894755
2018-01-19,1.6853104485
2018-01-20,4.3709881500000005
2018-01-21,2.7714457665
2018-01-22,5.391299952
2018-01-23,5.377697095499999
2018-01-24,3.825752391
2018-01-25,1.8393707069999998
2018-01-26,4.539729402
2018-01-27,3.360405204
2018-01-28,4.639181134499999
2018-01-29,5.035193468999999
2018-01-30,2.04737625
2018-01-31,2.8231332704999996
2018-02-01,2.235492432
2018-02-02,6.193252548
2018-02-03,4.667274783
2018-02-04,3.662240202
2018-02-05,3.9231385155000003
2018-02-06,5.87322522
2018-02-07,4.7838912975
2018-02-08,4.4044350345
2018-02-09,1.2780624285
2018-02-10,3.722747931
2018-02-11,5.8416231915
2018-02-12,4.658107662
2018-02-13,6.9567322095
2018-02-14,6.242503896
2018-02-15,6.074014932
2018-02-16,6.942644487
2018-02-17,7.1636812965
2018-02-18,7.2285311385
2018-02-19,2.155396905
2018-02-20,7.037833932
2018-02-21,7.7556652335
2018-02-22,5.846343736500001
2018-02-23,5.639789835
2018-02-24,7.882546387500001
2018-02-25,8.143959132
2018-02-26,7.873260021
2018-02-27,7.930612179
2018-02-28,5.6197122434999995
2018-03-01,7.4813631345
2018-03-02,8.2109071035
2018-03-03,8.3840949315
2018-03-04,8.041508523
2018-03-05,8.557252209000001
2018-03-06,8.6381331795
2018-03-07,8.696178144
2018-03-08,8.225832501
2018-03-09,6.2206326945
2018-03-10,7.687314895499999
2018-03-11,8.9624178675
2018-03-12,5.5815793065
2018-03-13,9.030319803
2018-03-14,8.0780419935
2018-03-15,6.3940412745
2018-03-16,8.298367272
2018-03-17,9.675675463500001
2018-03-18,7.6013300205
2018-03-19,8.716296140999999
2018-03-20,9.5445507465
2018-03-21,8.422561953
2018-03-22,7.3005731595
2018-03-23,5.167559916
2018-03-24,8.954929052999999
2018-03-25,8.3301624585
2018-03-26,7.0962395895
2018-03-27,10.2881617425
2018-03-28,2.8698538545
2018-03-29,8.596642644
2018-03-30,10.023942294
2018-03-31,9.1474494345
2018-04-01,7.815809313
2018-04-02,9.0610348815
2018-04-03,10.9853418915
2018-04-04,6.910282638
2018-04-05,7.9442899335
2018-04-06,6.3840187395
2018-04-07,8.568993456
2018-04-08,9.931998100500001
2018-04-09,7.5570160275
2018-04-10,10.432528623
2018-04-11,10.6710994485
2018-04-12,9.226481607
2018-04-13,3.7460717595000004
2018-04-14,9.9708287715
2018-04-15,10.2631044195
2018-04-16,7.9598470365
2018-04-17,10.0109504475
2018-04-18,12.0620538585
2018-04-19,9.9058862925
2018-04-20,7.5381042825
2018-04-21,5.712999673500001
2018-04-22,12.151970878500002
2018-04-23,11.0260785195
2018-04-24,7.268063485500001
2018-04-25,12.4810175025
2018-04-26,11.0431217565
2018-04-27,12.699919719
2018-04-28,11.864766613499999
2018-04-29,10.778603701499998
2018-04-30,9.7958768985
2018-05-01,7.7357482785
2018-05-02,2.0954124765
2018-05-03,4.336485795
2018-05-04,12.7343875815
2018-05-05,10.534148455499999
2018-05-06,10.3168851255
2018-05-07,8.7510557115
2018-05-08,12.273255378
2018-05-09,12.111576218999998
2018-05-10,12.078223942500001
2018-05-11,10.3466886165
2018-05-12,4.7634694380000004
2018-05-13,7.363230263999999
2018-05-14,7.7310651825
2018-05-15,13.360537818
2018-05-16,13.6704647565
2018-05-17,13.5669123585
2018-05-18,4.9414635495
2018-05-19,3.5634802905000003
2018-05-20,5.8613883795
2018-05-21,13.142779767
2018-05-22,12.058106931
2018-05-23,12.944216299499999
2018-05-24,12.3148897965
2018-05-25,13.792780088999999
2018-05-26,12.137586520500001
2018-05-27,11.5307570115
2018-05-28,6.4557562410000005
2018-05-29,8.811526977
2018-05-30,12.849186177
2018-05-31,13.826462507999999
2018-06-01,13.740513111
2018-06-02,14.329895328
2018-06-03,11.374195554
2018-06-04,12.1786641315
2018-06-05,12.576008862
2018-06-06,10.4368362435
2018-06-07,11.758806639
2018-06-08,13.080777034499999
2018-06-09,13.7609316855
2018-06-10,12.46245561
2018-06-11,13.907443999500002
2018-06-12,13.9032674505
2018-06-13,13.739933637
2018-06-14,11.051901575999999
2018-06-15,10.795710996
2018-06-16,5.963128443
2018-06-17,6.236039015999999
2018-06-18,10.859315166000002
2018-06-19,4.067343774
2018-06-20,11.795641672499999
2018-06-21,13.337709696000001
2018-06-22,8.1467806185
2018-06-23,13.608762601499999
2018-06-24,5.8072647195
2018-06-25,11.848124474999999
2018-06-26,13.8546685035
2018-06-27,13.534537205249999
2018-06-28,13.214405907
2018-06-29,12.894274608749999
2018-06-30,12.574143310499998
2018-07-01,12.25401201225
2018-07-02,11.933880713999999
2018-07-03,11.61374941575
2018-07-04,11.2936181175
2018-07-05,10.973486819249999
2018-07-06,10.653355521
2018-07-07,10.33322422275
2018-07-08,10.0130929245
2018-07-09,9.69296162625
2018-07-10,9.372830328
2018-07-11,9.052699029749999
2018-07-12,8.7325677315
2018-07-13,13.595841710999998
2018-07-14,13.910827221000002
2018-07-15,3.4324797465
2018-07-16,10.937865429
2018-07-17,11.445671898
2018-07-18,13.638310848000001
2018-07-19,12.950370747
2018-07-20,12.0458226735
2018-07-21,11.59419069
2018-07-22,7.60179222
2018-07-23,4.5723267855000005
2018-07-24,12.321201924
2018-07-25,8.8819314255
2018-07-26,11.358140773499999
2018-07-27,8.0226017055
2018-07-28,6.016489326
2018-07-29,10.340265127499999
2018-07-30,12.468242466
2018-07-31,13.236416064
2018-08-01,9.6933612465
2018-08-02,10.849263065999999
2018-08-03,5.474330298000001
2018-08-04,11.551777726500001
2018-08-05,8.861795361
2018-08-06,9.6089551425
2018-08-07,12.131453754
2018-08-08,11.169639261
2018-08-09,9.887893033500001
2018-08-10,12.075124545
2018-08-11,12.627451961999999
2018-08-12,11.8196740755
2018-08-13,11.5854148125
2018-08-14,8.49213234
2018-08-15,11.1725336745
2018-08-16,11.472231123
2018-08-17,8.2854621495
2018-08-18,5.947269777
2018-08-19,8.675202762
2018-08-20,8.9665687935
2018-08-21,5.2132940145
2018-08-22,7.7637956085
2018-08-23,10.2200446395
2018-08-24,9.2301920145
2018-08-25,8.2602944505
2018-08-26,10.4476984245
2018-08-27,7.172220654
2018-08-28,10.434633651
2018-08-29,11.249248936499999
2018-08-30,8.69262246
2018-08-31,7.7412434265
2018-09-01,8.232395931
2018-09-02,9.8195091885
2018-09-03,7.8706750544999995
2018-09-04,9.8868050415
2018-09-05,4.379582695500001
2018-09-06,7.241996025
2018-09-07,10.606301838
2018-09-08,9.6185913615
2018-09-09,8.9507495475
2018-09-10,9.985656604499999
2018-09-11,6.78311766
2018-09-12,10.140183004499999
2018-09-13,10.260962928
2018-09-14,10.149810354
2018-09-15,9.8500557465
2018-09-16,9.6394839615
2018-09-17,8.423661770999999
2018-09-18,9.643270252499999
2018-09-19,7.180748185500001
2018-09-20,7.382623918499999
2018-09-21,9.5381942715
2018-09-22,9.3734856855
2018-09-23,8.580257721
2018-09-24,7.0304357835
2018-09-25,9.3980187225
2018-09-26,9.097049979
2018-09-27,8.0713386225
2018-09-28,1.3165964639999999
2018-09-29,6.660288882000001
2018-09-30,2.284524999
2018-10-01,5.596540182
2018-10-02,5.5509696765
2018-10-03,6.189901848
2018-10-04,5.740819353
2018-10-05,4.812101892
2018-10-06,2.9408384340000002
2018-10-07,1.5225492105
2018-10-08,2.256189903
2018-10-09,3.215540646
2018-10-10,2.480341878
2018-10-11,2.5175297205000002
2018-10-12,7.80567246
2018-10-13,7.079306728500001
2018-10-14,6.9355873215
2018-10-15,8.088006384
2018-10-16,7.734978603
2018-10-17,7.281575676
2018-10-18,7.4371516335
2018-10-19,7.3478219715
2018-10-20,7.249194117
2018-10-21,6.615218025000001
2018-10-22,6.4234308554999995
2018-10-23,5.3370669015
2018-10-24,4.7154292695
2018-10-25,3.7671249959999997
2018-10-26,5.997037527
2018-10-27,6.2110595475000006
2018-10-28,5.8740481125
2018-10-29,5.873555362499999
2018-10-30,5.564961805499999
2018-10-31,5.256368248499999
2018-11-01,3.450613275
2018-11-02,6.1102093905
2018-11-03,4.463552223000001
2018-11-04,3.2061222225000003
2018-11-05,5.4144444195
2018-11-06,4.759897986
2018-11-07,4.381450218
2018-11-08,4.7274760215
2018-11-09,5.6083513995
2018-11-10,3.765408255
2018-11-11,4.0060387755
2018-11-12,5.593390524
2018-11-13,4.2731302995
2018-11-14,5.445770508
2018-11-15,5.042871828
2018-11-16,4.583774682
2018-11-17,1.781136198
2018-11-18,5.207525226
2018-11-19,4.579433226
2018-11-20,5.086084032
2018-11-21,5.05983951
2018-11-22,2.177834112
2018-11-23,4.7165596380000006
2018-11-24,2.62925487
2018-11-25,4.9694928119999995
2018-11-26,4.606453007999999
2018-11-27,2.5106900220000004
2018-11-28,3.7049360040000003
2018-11-29,4.2296368995
2018-11-30,0.9091089675
2018-12-01,3.7014719715
2018-12-02,2.3921721495
2018-12-03,2.9370669255
2018-12-04,4.5251233065
2018-12-05,1.642420503
2018-12-06,1.7766899505
2018-12-07,4.4984655315
2018-12-08,4.2206116905
2018-12-09,4.3926090345
2018-12-10,3.952188099
2018-12-11,4.119709302
2018-12-12,0.528363999
2018-12-13,4.2693249555
2018-12-14,4.2365216025
2018-12-15,1.675781649
2018-12-16,4.2919825860000005
2018-12-17,3.5637956505
2018-12-18,4.2181637085
2018-12-19,3.3323903955
2018-12-20,4.273886835
2018-12-21,3.2942002995000004
2018-12-22,3.5403742575000003
2018-12-23,3.6903328650000002
2018-12-24,2.254453452
2018-12-25,3.050465454
2018-12-26,2.491022727
2018-12-27,4.2917884425
2018-12-28,2.4881992695
2018-12-29,4.189435398
2018-12-30,2.6396124750000003
2018-12-31,1.4827744305
2019-01-01,3.302514963
2019-01-02,4.437748876500001
2019-01-03,4.364406980999999
2019-01-04,4.4489421855
2019-01-05,3.6378697724999998
2019-01-06,3.096176886
2019-01-07,4.2602760945
2019-01-08,4.513146525000001
2019-01-09,2.330220663
2019-01-10,3.345051114
2019-01-11,1.7239302225000002
2019-01-12,3.856129443
2019-01-13,4.7481675795
2019-01-14,4.7963269935
2019-01-15,4.412791089
2019-01-16,2.27920527
2019-01-17,4.174995852
2019-01-18,2.480767614
2019-01-19,4.3017281955
2019-01-20,3.8197733625000003
2019-01-21,4.2331689315
2019-01-22,4.1336248905
2019-01-23,3.2264294355
2019-01-24,4.5045618345
2019-01-25,4.866921315000001
2019-01-26,4.430644407
2019-01-27,3.4015715099999997
2019-01-28,5.312979310499999
2019-01-29,5.557728235500001
2019-01-30,4.299056505
2019-01-31,5.7344993415
2019-02-01,5.853915333
2019-02-02,5.2549708095
2019-02-03,4.492474677000001
2019-02-04,5.3017327845
2019-02-05,5.3629894935
2019-02-06,2.6576559945000002
2019-02-07,5.338110546
2019-02-08,5.5588517055
2019-02-09,4.8613443705
2019-02-10,5.3286221519999994
2019-02-11,5.8195164555000005
2019-02-12,6.088420971
2019-02-13,5.395482414
2019-02-14,2.765376072
2019-02-15,6.7854404835
2019-02-16,3.5153090505
2019-02-17,5.8364079255
2019-02-18,4.488635169
2019-02-19,3.850246008
2019-02-20,7.086147083999999
2019-02-21,5.1514262955
2019-02-22,1.5928646355
2019-02-23,6.882509277
2019-02-24,7.149460531500001
2019-02-25,6.9649000335
2019-02-26,6.7331104335
2019-02-27,4.350525228
2019-02-28,5.160474171
2019-03-01,6.909247863
2019-03-02,6.383856132
2019-03-03,7.60244265
2019-03-04,8.882855496
2019-03-05,8.814237102
2019-03-06,6.196071078000001
2019-03-07,6.5116409895
2019-03-08,5.3577348075
2019-03-09,8.9012064915
2019-03-10,7.167734658
2019-03-11,6.308908857
2019-03-12,6.856449700499999
2019-03-13,2.5850758905
2019-03-14,8.384521653
2019-03-15,9.4932101385
2019-03-16,9.460557567
2019-03-17,9.640736532
2019-03-18,8.7520490955
2019-03-19,9.057275199
2019-03-20,9.832893264
2019-03-21,8.343917082
2019-03-22,4.766916717
2019-03-23,1.2880238625
2019-03-24,7.74155583
2019-03-25,10.0207187235
2019-03-26,8.426783834999998
2019-03-27,8.6339980215
2019-03-28,9.031633474500001
2019-03-29,1.865671731
2019-03-30,5.2624645515
2019-03-31,10.4565876345
2019-04-01,7.894822761
2019-04-02,6.5527245135
2019-04-03,8.707083687
2019-04-04,8.5605723585
2019-04-05,8.611906068
2019-04-06,7.6195046115
2019-04-07,10.601090514000001
2019-04-08,9.381632814
2019-04-09,7.751390134499999
2019-04-10,4.017601647
2019-04-11,10.094945597999999
2019-04-12,6.047994775499999
2019-04-13,6.7144628025
2019-04-14,7.387694315999999
2019-04-15,6.4044856035
2019-04-16,8.6107198545
2019-04-17,10.3438424925
2019-04-18,9.326927709000001
2019-04-19,10.6802902215
2019-04-20,9.258198939
2019-04-21,6.2413419915
2019-04-22,4.122360297
2019-04-23,11.327173407
2019-04-24,7.965661486499999
2019-04-25,12.3322247415
2019-04-26,11.1786496875
2019-04-27,10.1615387895
2019-04-28,6.774809895
2019-04-29,3.022396443
2019-04-30,6.028247326500001
2019-05-01,6.89158179
2019-05-02,12.818579832000001
2019-05-03,12.146575266000001
2019-05-04,12.3516745695
2019-05-05,10.0998642285
2019-05-06,9.482601231
2019-05-07,1.982224845
2019-05-08,3.7265174685
2019-05-09,4.731279066
2019-05-10,9.31581324
2019-05-11,11.8733384925
2019-05-12,13.0989713355
2019-05-13,10.949997919500001
2019-05-14,10.231595028
2019-05-15,12.402081909
2019-05-16,8.3777463405
2019-05-17,7.1360794125
2019-05-18,7.3975227075
2019-05-19,5.768407440000001
2019-05-20,3.1974537645
2019-05-21,10.297763469000001
2019-05-22,7.0877820285
2019-05-23,4.331907162
2019-05-24,12.892226247
2019-05-25,13.5319941225
2019-05-26,10.155622833
2019-05-27,6.4244813985
2019-05-28,5.2811111969999995
2019-05-29,11.4365215305
2019-05-30,13.6544168745
2019-05-31,10.484460531
2019-06-01,11.660759244
2019-06-02,9.9974254455
2019-06-03,9.798704298
2019-06-04,10.3637574765
2019-06-05,13.2045893415
2019-06-06,13.189578205499998
2019-06-07,12.599421385500001
2019-06-08,9.422546832
2019-06-09,11.8705771215
2019-06-10,14.258770807500001
2019-06-11,11.4478626645
2019-06-12,13.581731322000001
2019-06-13,10.736255780999999
2019-06-14,8.8603082415
2019-06-15,10.8552815145
2019-06-16,9.103966218
2019-06-17,7.434998316
2019-06-18,6.075871614
2019-06-19,12.658142403000001
2019-06-20,10.913069263499999
2019-06-21,2.8180737135
2019-06-22,7.298599202999999
2019-06-23,10.5207811335
2019-06-24,12.293070826500001
2019-06-25,11.714289633
2019-06-26,10.3893154335
2019-06-27,10.5725829555
2019-06-28,13.9867668945
2019-06-29,12.0808158075
2019-06-30,9.7611597045
2019-07-01,9.879501501
2019-07-02,12.205383992999998
2019-07-03,12.294571743
2019-07-04,8.425983609000001
2019-07-05,11.780964620999999
2019-07-06,9.912143231999998
2019-07-07,13.1079531825
2019-07-08,9.630520838999999
2019-07-09,13.406134932
2019-07-10,13.288656105
2019-07-11,13.171177277999998
2019-07-12,9.245017548
2019-07-13,10.514264022
2019-07-14,8.300344842
2019-07-15,8.603233668
2019-07-16,11.426512464
2019-07-17,10.185389532
2019-07-18,13.055289048
2019-07-19,13.329633852
2019-07-20,9.440969112
2019-07-21,9.294126984000002
2019-07-22,6.941663586
2019-07-23,12.984056450999999
2019-07-24,10.652573034
2019-07-25,8.5725323865
2019-07-26,9.096247781999999
2019-07-27,6.6186051885
2019-07-28,11.708772803999999
2019-07-29,12.9818348055
2019-07-30,9.48153492
2019-07-31,10.152354915
2019-08-01,8.1515543805
2019-08-02,12.301527402
2019-08-03,11.6157662415
2019-08-04,9.418945814999999
2019-08-05,9.8197930125
2019-08-06,10.1468292165
2019-08-07,10.1365267995
2019-08-08,6.8630899995
2019-08-09,11.617580547000001
2019-08-10,5.2176045915
2019-08-11,8.1113026185
2019-08-12,11.1089255625
2019-08-13,12.059533935000001
2019-08-14,10.117312506
2019-08-15,8.993016657
2019-08-16,8.0323029675
2019-08-17,5.9958953325
2019-08-18,8.856341604
2019-08-19,10.7504637345
2019-08-20,6.3786300255
2019-08-21,8.955185283
2019-08-22,8.674544448
2019-08-23,8.321534406
2019-08-24,10.088148604499999
2019-08-25,10.106298558
2019-08-26,10.9335243015
2019-08-27,10.608910456499999
2019-08-28,11.33232363
2019-08-29,10.614593835
2019-08-30,8.3786017545
2019-08-31,9.908870386499999
2019-09-01,8.817166993499999
2019-09-02,8.965245267
2019-09-03,9.759464644500001
2019-09-04,9.256996629000001
2019-09-05,7.1045000504999996
2019-09-06,6.784589997
2019-09-07,8.5889547585
2019-09-08,7.9341698339999995
2019-09-09,9.9794302155
2019-09-10,9.248895819
2019-09-11,9.343270009125
2019-09-12,9.43764419925
2019-09-13,9.532018389375
2019-09-14,9.626392579500001
2019-09-15,9.1818926595
2019-09-16,8.3939873805
2019-09-17,7.2528651045
2019-09-18,9.473671615499999
2019-09-19,9.511123572
2019-09-20,9.0615749355
2019-09-21,7.987388804999999
2019-09-22,9.514340244000001
2019-09-23,8.416670633999999
2019-09-24,9.180506061
2019-09-25,9.077911569
2019-09-26,9.1323969075
2019-09-27,7.0805307195
2019-09-28,6.0896025855
2019-09-29,8.829258093
2019-09-30,8.333859069
2019-10-01,2.4555457124999998
2019-10-02,6.7743595215
2019-10-03,7.430727159
2019-10-04,7.4126245095000005
2019-10-05,7.6036439745
2019-10-06,8.2157991255
2019-10-07,8.160487938
2019-10-08,5.300799516
2019-10-09,5.446144997999999
2019-10-10,6.1266455595
2019-10-11,7.946405802
2019-10-12,7.7951246535
2019-10-13,7.7039087445
2019-10-14,7.383431043000001
2019-10-15,7.5181400235
2019-10-16,6.2113473135
2019-10-17,5.6525165820000005
2019-10-18,4.5682724385
2019-10-19,6.8564763090000005
2019-10-20,5.4067003604999995
2019-10-21,5.436968022
2019-10-22,6.637896351
2019-10-23,4.4002801665
2019-10-24,6.788912399999999
2019-10-25,6.8079138255
2019-10-26,5.8238033805
2019-10-27,1.995631587
2019-10-28,2.9655600300000002
2019-10-29,4.208740029
2019-10-30,5.3835680475
2019-10-31,6.558396065999999
2019-11-01,5.996378556
2019-11-02,6.3215971694999995
2019-11-03,5.2257073725
2019-11-04,2.9017406925
2019-11-05,5.868989541
2019-11-06,4.928562369
2019-11-07,3.988135197
2019-11-08,5.802432813
2019-11-09,5.681352312
2019-11-10,3.409299801
2019-11-11,5.6240326755
2019-11-12,5.4322267815
2019-11-13,5.0104051875
2019-11-14,5.075654157
2019-11-15,3.937243977
2019-11-16,2.1137802255
2019-11-17,4.702459104
2019-11-18,5.098622219999999
2019-11-19,4.2056518005
2019-11-20,2.9521490175
2019-11-21,1.911655161
2019-11-22,3.304724454
2019-11-23,4.875099979500001
2019-11-24,4.517585217000001
2019-11-25,1.739155212
2019-11-26,3.4624852649999998
2019-11-27,4.428691145999999
2019-11-28,3.600965754
2019-11-29,2.6807462595
2019-11-30,3.9664581389999998
2019-12-01,4.8019404015
2019-12-02,4.3548811380000005
2019-12-03,4.61602287
2019-12-04,4.4473456755
2019-12-05,1.2642220665
2019-12-06,4.602588534
2019-12-07,3.2110457804999997
2019-12-08,3.1266928934999996
2019-12-09,2.5046334674999997
2019-12-10,3.0270470175
2019-12-11,3.018424878
2019-12-12,3.403954449
2019-12-13,3.985093944
2019-12-14,2.0576343195
2019-12-15,3.7384952355
2019-12-16,3.8467908449999997
2019-12-17,3.9550864545
2019-12-18,4.063382064
2019-12-19,2.5158050955
2019-12-20,3.8543249925
2019-12-21,3.5716382595000002
2019-12-22,1.615538034
2019-12-23,1.821596229
2019-12-24,2.778394527
2019-12-25,3.0704444955000003
2019-12-26,3.362494464
2019-12-27,2.2272162030000002
2019-12-28,2.810825361
2019-12-29,3.3076898235
2019-12-30,4.4564497245000005
2019-12-31,4.396122342
2020-01-01,2.7126547785
2020-01-02,4.1779040625
2020-01-03,4.16385576
2020-01-04,3.6410095755000005
2020-01-05,3.6287016659999995
2020-01-06,4.3654309155
2020-01-07,4.3423741575
2020-01-08,4.1320467765
2020-01-09,3.444718671
2020-01-10,4.243014076500001
2020-01-11,4.173823107
2020-01-12,4.331236693499999
2020-01-13,4.48865028
2020-01-14,4.6460638665
2020-01-15,4.679323506
2020-01-16,3.511062531
2020-01-17,2.336953599
2020-01-18,3.630507102
2020-01-19,4.6833137955
2020-01-20,4.569034230000001
2020-01-21,1.677805866
2020-01-22,4.1659282665
2020-01-23,3.8880961065
2020-01-24,4.8690825165
2020-01-25,4.842703638000001
2020-01-26,5.016622707
2020-01-27,1.9218797235
2020-01-28,5.381470575
2020-01-29,2.5904291265
2020-01-30,3.0507896834999997
2020-01-31,4.046405841
2020-02-01,4.0273965315
2020-02-02,5.4431687879999995
2020-02-03,1.9004529824999998
2020-02-04,5.244243642
2020-02-05,5.716477503
2020-02-06,3.785938191
2020-02-07,3.7311857820000003
2020-02-08,6.1400917215
2020-02-09,3.166590861
2020-02-10,2.6790216345
2020-02-11,6.39445617
2020-02-12,4.945033030499999
2020-02-13,4.9433892165
2020-02-14,6.358519912499999
2020-02-15,5.7310284105000004
2020-02-16,4.2680970225
2020-02-17,5.47748784
2020-02-18,6.9227797635
2020-02-19,3.295423305
2020-02-20,7.036950923999999
2020-02-21,7.2247172535
2020-02-22,7.3067660415
2020-02-23,2.9671897185
2020-02-24,5.129829063
2020-02-25,5.480611875
2020-02-26,4.898634705
2020-02-27,7.602415056
2020-02-28,7.780952178000001
2020-02-29,3.1536118259999997
2020-03-01,3.074066208
2020-03-02,6.8448759885
2020-03-03,7.982971794
2020-03-04,8.433702045
2020-03-05,7.9688594340000005
2020-03-06,7.822662479999999
2020-03-07,7.815530416500001
2020-03-08,6.8494900995
2020-03-09,7.4807600085
2020-03-10,7.752702820500001
2020-03-11,7.6542533415000005
2020-03-12,4.818271122
2020-03-13,1.396504746
2020-03-14,2.271366603
2020-03-15,6.2160698295
2020-03-16,5.366569815
2020-03-17,4.5170698005
2020-03-18,8.9689911525
2020-03-19,1.535927373
2020-03-20,5.1154279515
2020-03-21,9.891134343000001
2020-03-22,6.385700988
2020-03-23,8.843372424
2020-03-24,8.7284404575
2020-03-25,9.192121164000001
2020-03-26,8.626128804
2020-03-27,3.6713235555000003
2020-03-28,9.798036129000002
2020-03-29,9.667501726500001
2020-03-30,7.451802076500001
2020-03-31,9.119949057
2020-04-01,9.3686646195
2020-04-02,5.637736053
2020-04-03,9.396994788
2020-04-04,10.7290507905
2020-04-05,8.872474239
2020-04-06,10.8342016695
2020-04-07,11.3355787365
2020-04-08,8.6869804725
2020-04-09,11.4374360745
2020-04-10,10.090880410499999
2020-04-11,9.2182142475
2020-04-12,7.134544003499999
2020-04-13,5.5636865685
2020-04-14,10.2157432605
2020-04-15,4.4388230715
2020-04-16,10.3445165745
2020-04-17,12.9322976625
2020-04-18,6.2429266755
2020-04-19,11.265236703
2020-04-20,11.5715764215
2020-04-21,12.232646865
2020-04-22,9.886273857
2020-04-23,9.4431309705
2020-04-24,10.654270064999999
2020-04-25,10.590005609999999
2020-04-26,6.5074348755
2020-04-27,12.094752748500001
2020-04-28,11.050236081
2020-04-29,12.842212122
2020-04-30,9.3811154265
2020-05-01,9.7430659245
2020-05-02,4.5797574555
2020-05-03,7.4975006969999995
2020-05-04,11.2752424845
2020-05-05,12.229510018500001
2020-05-06,11.8633080735
2020-05-07,13.263006825
2020-05-08,11.16198981
2020-05-09,12.2986408725
2020-05-10,13.0563090405
2020-05-11,5.071132683
2020-05-12,5.7993255315
2020-05-13,9.304529265000001
2020-05-14,7.640562775499999
2020-05-15,6.063350836500001
2020-05-16,13.244869683000001
2020-05-17,12.2361128685
2020-05-18,12.719964788999999
2020-05-19,12.621902611500001
2020-05-20,12.494192651999999
2020-05-21,13.932003645
2020-05-22,13.320130347000001
2020-05-23,10.5695200215
2020-05-24,5.2176982139999994
2020-05-25,10.912595238
2020-05-26,13.4236009485
2020-05-27,11.1730816125
2020-05-28,9.819007569
2020-05-29,13.405628385
2020-05-30,12.33280323
2020-05-31,12.0044494125
2020-06-01,13.15949976
2020-06-02,9.044081324999999
2020-06-03,8.9669235735
2020-06-04,9.971679258
2020-06-05,12.795412698000002
2020-06-06,3.876241527
2020-06-07,13.439015154000002
2020-06-08,11.577797882999999
2020-06-09,9.3273406335
2020-06-10,13.340985498
2020-06-11,13.773477100500001
2020-06-12,14.1693701895
2020-06-13,12.014512353
2020-06-14,13.739787783
2020-06-15,10.4094423
2020-06-16,12.361022037
2020-06-17,13.059966231
2020-06-18,10.2829563315
2020-06-19,6.850366209
2020-06-20,12.184714116
2020-06-21,8.1576940455
2020-06-22,10.778251878
2020-06-23,12.434228262
2020-06-24,11.584347516000001
2020-06-25,6.747073983
2020-06-26,7.791451695
2020-06-27,12.798753543
2020-06-28,9.668026998
2020-06-29,11.611458620999999
2020-06-30,11.023357554
2020-07-01,13.8777154065
2020-07-02,13.538826594
2020-07-03,13.9236160545
2020-07-04,10.103702751
2020-07-05,12.5403544575
2020-07-06,13.483725318
2020-07-07,12.966895611
2020-07-08,13.460325606000001
2020-07-09,13.300181855999998
2020-07-10,13.2559851375
2020-07-11,13.103836749
2020-07-12,11.437477465499999
2020-07-13,9.0193462605
2020-07-14,10.173054849749999
2020-07-15,11.326763438999999
2020-07-16,12.5054519895
2020-07-17,10.076018085000001
2020-07-18,7.9052739885
2020-07-19,11.350541583
2020-07-20,8.2200328335
2020-07-21,12.743362529999999
2020-07-22,11.305151423999998
2020-07-23,9.888380856000001
2020-07-24,8.5256442675
2020-07-25,6.6623377365
2020-07-26,7.188634156499999
2020-07-27,12.649945999500002
2020-07-28,7.959637125
2020-07-29,11.9052489825
2020-07-30,9.1710225945
2020-07-31,12.4063284285
2020-08-01,11.0013956865
2020-08-02,11.6092698255
2020-08-03,11.202863094000001
2020-08-04,8.598414573
2020-08-05,9.113990723999999
2020-08-06,9.856453612500001
2020-08-07,12.401496522
2020-08-08,10.818342018
2020-08-09,11.2505084055
2020-08-10,11.955228615
2020-08-11,9.226091348999999
2020-08-12,9.2536922475
2020-08-13,11.5577419725
2020-08-14,11.933202690000002
2020-08-15,12.125373219
2020-08-16,10.561491153
2020-08-17,11.4701290515
2020-08-18,7.852801041
2020-08-19,10.301167386
2020-08-20,8.275903785
2020-08-21,8.441154396
2020-08-22,9.497541411
2020-08-23,8.43388929
2020-08-24,8.152907472
2020-08-25,8.2915111485
2020-08-26,7.2019988505
2020-08-27,9.500195362500001
2020-08-28,7.530454831499999
2020-08-29,6.2806910355
2020-08-30,10.1147787855
2020-08-31,8.9986014855
2020-09-01,10.721634902999998
2020-09-02,10.928140515
2020-09-03,10.6404641955
2020-09-04,10.2539018205
2020-09-05,10.1634447465
2020-09-06,9.4017261735
2020-09-07,7.399020667499999
2020-09-08,2.034931356
2020-09-09,3.7150482195000003
2020-09-10,6.1554280724999995
2020-09-11,3.466389816
2020-09-12,10.11668967
2020-09-13,9.859488952500001
2020-09-14,8.4657199545
2020-09-15,8.412082146
2020-09-16,7.4334087045
2020-09-17,7.400746278
2020-09-18,7.5986080695
2020-09-19,6.6461242905
2020-09-20,7.8172609545
2020-09-21,8.2612898055
2020-09-22,7.773807303
2020-09-23,7.322531085
2020-09-24,7.84282581
2020-09-25,6.0747609555
2020-09-26,2.6951503275
2020-09-27,3.7846195920000003
2020-09-28,8.5726427625
2020-09-29,7.600442085
2020-09-30,8.318453733
2020-10-01,8.367220215
2020-10-02,7.3844677889999994
2020-10-03,7.4204434665
2020-10-04,7.4540155095
2020-10-05,6.5214762795
2020-10-06,7.245269855999999
2020-10-07,7.215068223
2020-10-08,6.611667268500001
2020-10-09,5.4518185215
2020-10-10,7.0907050215
2020-10-11,6.172210152000001
2020-10-12,7.5856783095
2020-10-13,7.5046288185
2020-10-14,5.9828827905
2020-10-15,5.246650233
2020-10-16,7.206082434000001
2020-10-17,5.239329939
2020-10-18,1.61125308
2020-10-19,5.6424989745
2020-10-20,4.8439838025
2020-10-21,3.6083205405000003
2020-10-22,2.3726572785
2020-10-23,3.7596115439999997
2020-10-24,3.9252277755
2020-10-25,3.934583127
2020-10-26,5.742317313
2020-10-27,7.047046386
2020-10-28,6.800819211
2020-10-29,6.7081674285
2020-10-30,6.406942455
2020-10-31,5.917864428000001
2020-11-01,6.196463307
2020-11-02,6.1148412405000006
2020-11-03,6.114859308
2020-11-04,6.1148773755
2020-11-05,6.0846120135
2020-11-06,4.5010199475
2020-11-07,2.570509215
2020-11-08,5.5494707309999995
2020-11-09,1.134728352
2020-11-10,5.2612760385
2020-11-11,5.4523881405
2020-11-12,5.685877399500001
2020-11-13,5.5377580635
2020-11-14,4.9310054235
2020-11-15,5.439017862
2020-11-16,5.2355416770000005
2020-11-17,4.782288546
2020-11-18,2.0973302595
2020-11-19,5.0782844565000005
2020-11-20,4.942201689
2020-11-21,5.057477595000001
2020-11-22,5.05228401
2020-11-23,4.957211839499999
2020-11-24,4.031039925
2020-11-25,5.026729995
2020-11-26,4.573394081999999
2020-11-27,4.8411090990000005
2020-11-28,4.8740041035
2020-11-29,4.7616216255
2020-11-30,4.774134519
2020-12-01,2.312996094
2020-12-02,4.559816848500001
2020-12-03,4.686756147
2020-12-04,4.6467655425
2020-12-05,4.6320658245
2020-12-06,4.6149536025
2020-12-07,4.593984133499999
2020-12-08,3.862817046
2020-12-09,4.5471334635
2020-12-10,1.877824917
2020-12-11,3.0236746365
2020-12-12,2.755690578
2020-12-13,4.743988074
2020-12-14,2.8715035815
2020-12-15,3.7512239535
2020-12-16,3.67490979
2020-12-17,3.593799198
2020-12-18,2.5939473615
2020-12-19,3.0389695965
2020-12-20,1.9928140425
2020-12-21,4.481768205
2020-12-22,4.262475730499999
2020-12-23,4.0317701805
2020-12-24,4.4334560385
2020-12-25,4.4313855030000004
2020-12-26,3.6075390389999997
2020-12-27,3.6788724855
2020-12-28,1.3027294935
2020-12-29,4.758316258500001
2020-12-30,4.7492260065
2020-12-31,4.8325589010000005
2021-01-01,3.8454604199999998
2021-01-02,4.5499421385000005
2021-01-03,3.787461774
2021-01-04,4.7814213059999995
2021-01-05,2.3092068465
2021-01-06,4.7018024325
2021-01-07,2.7085334175
2021-01-08,4.797871272
2021-01-09,2.4438044655
2021-01-10,4.192527897
2021-01-11,4.947582519
2021-01-12,4.3743851685
2021-01-13,1.7324488845
2021-01-14,4.2637765905
2021-01-15,4.851069547500001
2021-01-16,3.8584384695000002
2021-01-17,2.297815452
2021-01-18,4.6739436615
2021-01-19,5.1647551830000005
2021-01-20,5.226705684000001
2021-01-21,2.544789636
2021-01-22,5.064825483
2021-01-23,3.2610421665000002
2021-01-24,1.5723317430000001
2021-01-25,3.697463943
2021-01-26,2.672752869
2021-01-27,5.431281687
2021-01-28,3.465810342
2021-01-29,5.1197641515
2021-01-30,5.721803145
2021-01-31,6.0019857225
2021-02-01,4.041162981
2021-02-02,5.1580961595
2021-02-03,3.9762973710000002
2021-02-04,5.4990831015
2021-02-05,2.1082298895
2021-02-06,3.265097499
2021-02-07,5.820380739
2021-02-08,6.0865465499999996
2021-02-09,5.4394169895
2021-02-10,3.4838637165
2021-02-11,2.7910414485
2021-02-12,2.9535977025
2021-02-13,4.678030529999999
2021-02-14,7.180488013500001
2021-02-15,7.3593247275
2021-02-16,6.587580663
2021-02-17,6.493950279
2021-02-18,6.781700511
2021-02-19,7.5654716175
2021-02-20,6.2106988545
2021-02-21,7.85691846
2021-02-22,7.9239452715
2021-02-23,6.4796299785
2021-02-24,5.7735231705
2021-02-25,6.3386088705
2021-02-26,8.024695893
2021-02-27,6.073274821499999
2021-02-28,8.185314654
2021-03-01,8.420472693
2021-03-02,8.461782882
2021-03-03,8.435952927
2021-03-04,3.3404714955
2021-03-05,8.5855331025
2021-03-06,8.122837896
2021-03-07,7.6093184835
2021-03-08,4.3169955615
2021-03-09,5.486521918499999
2021-03-10,5.152241304
2021-03-11,5.5018494
2021-03-12,1.8022459365
2021-03-13,2.1631774275
2021-03-14,5.931622008000001
2021-03-15,6.3918948554999995
2021-03-16,6.421052843999999
2021-03-17,8.270065683
2021-03-18,10.2690036225
2021-03-19,10.4943677625
2021-03-20,9.686099097
2021-03-21,8.42068359
2021-03-22,7.7332924125
2021-03-23,9.283025655
2021-03-24,9.619435935
2021-03-25,7.72963128
2021-03-26,8.0739620235
2021-03-27,8.098289091
2021-03-28,10.338369025499999
2021-03-29,10.920684221999998
2021-03-30,6.90131853
2021-03-31,10.8766162755
2021-04-01,11.120845185
2021-04-02,10.976238828
2021-04-03,11.262428028
2021-04-04,7.8948868185
2021-04-05,9.8225977455
2021-04-06,8.6982368535
2021-04-07,8.3395325925
2021-04-08,11.692656922500001
2021-04-09,8.479865821499999
2021-04-10,11.9109018105
2021-04-11,10.394079340500001
2021-04-12,5.0324202719999995
2021-04-13,6.7889685735
2021-04-14,4.895997507000001
2021-04-15,1.0812915855
2021-04-16,10.1925879525
2021-04-17,9.422127009
2021-04-18,11.868501658500001
2021-04-19,3.4796645010000002
2021-04-20,12.6325624365
2021-04-21,4.411340433
2021-04-22,11.362135004999999
2021-04-23,8.757589576500001
2021-04-24,8.175966201
2021-04-25,11.4412026555
2021-04-26,9.4082383575
2021-04-27,3.0608654355000002
2021-04-28,10.1553932115
2021-04-29,13.196524009500001
2021-04-30,12.972615453
2021-05-01,10.367905446
2021-05-02,4.0669801245
2021-05-03,2.4949745819999998
2021-05-04,10.1749396185
2021-05-05,9.1228631805
2021-05-06,13.4329080105
2021-05-07,11.047417551
2021-05-08,11.214591858
2021-05-09,11.283030891000001
2021-05-10,1.9174863645000002
2021-05-11,5.017371687
2021-05-12,11.8630971765
2021-05-13,11.484979550999999
2021-05-14,10.9761925095
2021-05-15,2.8722840975
2021-05-16,7.268311831499999
2021-05-17,4.589522775
2021-05-18,10.283324908500001
2021-05-19,13.1370293745
2021-05-20,13.166137102499999
2021-05-21,7.465846437
2021-05-22,9.5603404275
2021-05-23,8.647688587500001
2021-05-24,14.1198803505
2021-05-25,13.701195603
2021-05-26,8.776868913000001
2021-05-27,14.241546238500002
2021-05-28,13.0466403
2021-05-29,11.278060028999999
2021-05-30,2.3982783075
2021-05-31,11.093237388
2021-06-01,11.58930261
2021-06-02,12.085367832000001
2021-06-03,13.9902811875
2021-06-04,14.098824157500001
2021-06-05,11.525877800999998
2021-06-06,10.1000021985
2021-06-07,13.259648241
2021-06-08,13.3411382505
2021-06-09,13.7516423625
2021-06-10,9.9875369385
2021-06-11,13.799386880999998
2021-06-12,13.827402675
2021-06-13,12.1415166945
2021-06-14,13.783264101
2021-06-15,13.6905926085
2021-06-16,9.0072837405
2021-06-17,10.605799232999999
2021-06-18,10.644251471999999
2021-06-19,6.7665031155
2021-06-20,12.107569176
2021-06-21,11.6599797135
2021-06-22,11.754801567
2021-06-23,9.4858681635
2021-06-24,7.5681482355
2021-06-25,7.4718983925
2021-06-26,8.729852679
2021-06-27,9.657467365499999
2021-06-28,7.890090389999999
2021-06-29,9.99867259575
2021-06-30,12.1072548015
2021-07-01,5.4304804755000005
2021-07-02,10.8279792225
2021-07-03,10.428957171
2021-07-04,10.683926716499998
2021-07-05,12.1784847705
2021-07-06,12.2194973385
2021-07-07,13.113975573000001
2021-07-08,11.4050932785
2021-07-09,10.2377337075
2021-07-10,12.68151255
2021-07-11,12.9433332915
2021-07-12,11.001461715
2021-07-13,8.484383353499998
2021-07-14,8.539812801
2021-07-15,12.027388896
2021-07-16,8.6459008905
2021-07-17,11.6247145815
2021-07-18,13.069083091500001
2021-07-19,12.0832302825
2021-07-20,12.068567028
2021-07-21,7.9765157835
2021-07-22,9.4950234585
2021-07-23,7.808337252
2021-07-24,6.3963966195
2021-07-25,10.976908968
2021-07-26,12.484517998500001
2021-07-27,12.947849838
2021-07-28,12.731523718500002
2021-07-29,11.630667001499999
2021-07-30,8.154673488
2021-07-31,6.60330333
2021-08-01,10.737311251500001
2021-08-02,10.57770657
2021-08-03,5.4941575725
2021-08-04,9.565840503
2021-08-05,10.7859279375
2021-08-06,6.6640781295
2021-08-07,5.9545437525
2021-08-08,10.793440404000002
2021-08-09,9.467327952
2021-08-10,9.762211232999999
2021-08-11,10.634341284
2021-08-12,11.6337516165
2021-08-13,10.4372186175
2021-08-14,11.0348553825
2021-08-15,6.3956279295
2021-08-16,10.150439103
2021-08-17,9.904237551000001
2021-08-18,10.020332407500002
2021-08-19,5.949690165
2021-08-20,11.5994463615
2021-08-21,10.67300442
2021-08-22,10.2547769445
2021-08-23,10.5817343085
2021-08-24,11.243246255999999
2021-08-25,10.7970226965
2021-08-26,8.0140791015
2021-08-27,10.3143701295
2021-08-28,10.383742431
2021-08-29,8.9874022635
2021-08-30,8.644204845
2021-08-31,8.902835523
2021-09-01,7.575278328
2021-09-02,8.811235269
2021-09-03,8.054383095
2021-09-04,9.8881670025
2021-09-05,10.5777055845
2021-09-06,10.2227639625
2021-09-07,9.4981612905
2021-09-08,9.4947179535
2021-09-09,9.960394297499999
2021-09-10,9.6830213805
2021-09-11,9.3897838845
2021-09-12,5.6417095889999995
2021-09-13,7.0030802745
2021-09-14,9.8979076845
2021-09-15,10.1989395
2021-09-16,9.508082319
2021-09-17,8.261777627999999
2021-09-18,9.840629438999999
2021-09-19,9.4694359365
2021-09-20,9.932466213
2021-09-21,9.9228861675
2021-09-22,8.91786784725
2021-09-23,7.912849527
2021-09-24,9.1806016545
2021-09-25,9.41444208
2021-09-26,9.205064721000001
2021-09-27,9.169530547499999
2021-09-28,8.707422699
2021-09-29,6.730330338000001
2021-09-30,8.891090334
2021-10-01,8.156441475
2021-10-02,8.89725168
2021-10-03,8.774096701500001
2021-10-04,8.762619568500002
2021-10-05,8.6137992135
2021-10-06,7.8932922795
2021-10-07,8.128121161500001
2021-10-08,4.473314586
2021-10-09,8.286884226
2021-10-10,7.093051497
2021-10-11,7.9897155705
2021-10-12,3.607073883
2021-10-13,7.3814570865
2021-10-14,2.7151313399999997
2021-10-15,7.7477004225
2021-10-16,7.7409024435000005
2021-10-17,7.656737787000001
2021-10-18,7.192169145
2021-10-19,3.5109570825
2021-10-20,7.491948390000001
2021-10-21,5.447347308
2021-10-22,7.0782818085
2021-10-23,2.1132480555
2021-10-24,6.9193758465
2021-10-25,5.4635249475
2021-10-26,6.06972455775
2021-10-27,6.675924168
2021-10-28,5.610849642
2021-10-29,6.645790206
2021-10-30,5.605397856
2021-10-31,1.2954624165000002
2021-11-01,2.9486228985
2021-11-02,2.7193246425
2021-11-03,6.275411712
2021-11-04,6.059557647
2021-11-05,6.092089002
2021-11-06,5.686826764499999
2021-11-07,5.6736328904999995
2021-11-08,5.179218381
2021-11-09,4.4546797665
2021-11-10,5.5370987640000005
2021-11-11,4.443347502
2021-11-12,4.725962293499999
2021-11-13,3.335517387
2021-11-14,4.9714217640000005
2021-11-15,5.307181614
2021-11-16,2.7400832145
2021-11-17,5.2112343195
2021-11-18,4.8023286885
2021-11-19,3.6803191995
2021-11-20,1.416940074
2021-11-21,5.029467714000001
2021-11-22,4.8349270575
2021-11-23,3.300059097
2021-11-24,3.0382915725000004
2021-11-25,4.873023531
2021-11-26,4.137781401
2021-11-27,3.72621492
2021-11-28,4.345442018999999
2021-11-29,4.5650537955
2021-11-30,4.0765375035
2021-12-01,4.383407421
2021-12-02,4.6324462275
2021-12-03,3.923707149
2021-12-04,4.559293548
2021-12-05,3.953191338
2021-12-06,2.372760756
2021-12-07,4.073893407
2021-12-08,2.9045414835
2021-12-09,1.566584307
2021-12-10,3.674247534
2021-12-11,3.7206911925
2021-12-12,2.0442354615
2021-12-13,3.42021717
2021-12-14,1.756716822
2021-12-15,2.402859897
2021-12-16,3.049002972
2021-12-17,3.6951460469999997
2021-12-18,4.203042196499999
2021-12-19,3.528172782
2021-12-20,3.8536223310000004
2021-12-21,4.306991751
2021-12-22,3.9491576865000004
2021-12-23,3.114818604
2021-12-24,1.4335743285
2021-12-25,4.219741494
2021-12-26,3.3578103825
2021-12-27,4.0181328315
2021-12-28,3.9632700465
2021-12-29,3.3070985235
2021-12-30,4.241424465
2021-12-31,1.2038050034999999
2022-01-01,3.2414050935
2022-01-02,4.6787568435
2022-01-03,3.1008294315
2022-01-04,3.6618529005
2022-01-05,1.3421632905
2022-01-06,2.5815684959999996
2022-01-07,4.6737031995
2022-01-08,3.211086186
2022-01-09,4.361456394
2022-01-10,4.92393249
2022-01-11,3.2383618695
2022-01-12,4.274484048
2022-01-13,4.337313615
2022-01-14,2.9837677995000003
2022-01-15,4.906810413
2022-01-16,4.2106502565
2022-01-17,3.812834457
2022-01-18,1.5874877475
2022-01-19,1.2916564155
2022-01-20,3.6280147725
2022-01-21,2.5280302229999996
2022-01-22,5.196194604
2022-01-23,5.282391361499999
2022-01-24,4.9725600165
2022-01-25,3.188746872
2022-01-26,5.4339987105
2022-01-27,4.5409070745
2022-01-28,5.766348730500001
2022-01-29,5.259767238
2022-01-30,5.6585685375
2022-01-31,4.7582827515
2022-02-01,2.283306921
2022-02-02,4.339414701
2022-02-03,5.949802512
2022-02-04,6.4689767235
2022-02-05,5.528865897
2022-02-06,6.308814249
2022-02-07,6.475702761
2022-02-08,6.3177300675
2022-02-09,5.7223481265
2022-02-10,5.439197223
2022-02-11,2.9642943195
2022-02-12,4.7043069165
2022-02-13,6.6677165955
2022-02-14,6.323975181
2022-02-15,5.0494999725000005
2022-02-16,1.9628715959999998
2022-02-17,7.257013074
2022-02-18,6.77980638
2022-02-19,7.4004565410000005
2022-02-20,4.641322626
2022-02-21,4.723986366
2022-02-22,6.685409277
2022-02-23,5.9652837315
2022-02-24,7.8529784309999995
2022-02-25,7.7964688755000005
2022-02-26,8.0465927175
2022-02-27,8.058102371999999
2022-02-28,8.1382856085
2022-03-01,7.943116203
2022-03-02,6.942443445
2022-03-03,6.5490091785
2022-03-04,4.4714204550000005
2022-03-05,3.0596769225000005
2022-03-06,4.354522416
2022-03-07,8.7394130145
2022-03-08,8.110816767
2022-03-09,6.1584387750000005
2022-03-10,9.12856824
2022-03-11,9.2854765935
2022-03-12,9.599173069499999
2022-03-13,7.5666364785
2022-03-14,9.368956327500001
2022-03-15,9.1363191975
2022-03-16,3.0242294729999997
2022-03-17,7.067895624
2022-03-18,9.352643345999999
2022-03-19,9.44091261
2022-03-20,8.861456349
2022-03-21,6.406962165
2022-03-22,6.7646326365
2022-03-23,10.2315881295
2022-03-24,10.0083743505
2022-03-25,9.880436740499999
2022-03-26,6.684128127
2022-03-27,10.1015198685
2022-03-28,7.058860559999999
2022-03-29,3.5933507955
2022-03-30,9.207128357999999
2022-03-31,10.121573808
2022-04-01,8.469000684000001
2022-04-02,10.1369939265
2022-04-03,7.486360605
2022-04-04,9.4247474535
2022-04-05,9.194038947000001
2022-04-06,11.265636815999999
2022-04-07,11.394559926000001
2022-04-08,11.5754671755
2022-04-09,10.11211695
2022-04-10,11.409163065000001
2022-04-11,10.862614619999999
2022-04-12,8.067983980500001
2022-04-13,8.314974917999999
2022-04-14,10.097429058
2022-04-15,8.828706213
2022-04-16,8.409282340499999
2022-04-17,11.7626195385
2022-04-18,11.590058488499999
2022-04-19,9.4785005655
2022-04-20,11.787821730000001
2022-04-21,11.928848751
2022-04-22,10.915755736500001
2022-04-23,7.002125325000001
2022-04-24,8.16630633
2022-04-25,11.3482296
2022-04-26,12.2047917075
2022-04-27,11.5366108815
2022-04-28,10.868430055500001
2022-04-29,9.000934164
2022-04-30,13.0049763165
2022-05-01,8.927573544
2022-05-02,4.8586736655000005
2022-05-03,4.1474915325
2022-05-04,4.04411751
2022-05-05,9.159553345499999
2022-05-06,11.632277308499999
2022-05-07,11.017386409499998
2022-05-08,9.774150565500001
2022-05-09,13.1191957665
2022-05-10,12.468459276
2022-05-11,12.513711465
2022-05-12,11.8909493775
2022-05-13,13.665500793
2022-05-14,10.014669724500001
2022-05-15,13.4101744965
2022-05-16,11.516135148
2022-05-17,7.313423094
2022-05-18,13.055623132500001
2022-05-19,10.552546755
2022-05-20,3.5945511345
2022-05-21,11.810140348500001
2022-05-22,10.467661698
2022-05-23,9.9683393985
2022-05-24,6.909151284
2022-05-25,13.7316662775
2022-05-26,14.0342068935
2022-05-27,9.187782007500001
2022-05-28,5.461357176
2022-05-29,6.6027100590000005
2022-05-30,10.8526955625
2022-05-31,7.967571385499999
2022-06-01,8.751013335
2022-06-02,13.6093184235
2022-06-03,10.704942504
2022-06-04,9.953220843
2022-06-05,9.372044884500001
2022-06-06,10.138333221000002
2022-06-07,12.8556908055
2022-06-08,14.1250975875
2022-06-09,9.300923320499999
2022-06-10,10.8806739075
2022-06-11,11.7296920125
2022-06-12,12.577433895
2022-06-13,13.3154029035
2022-06-14,10.276494408
2022-06-15,14.049069219
2022-06-16,14.432127156
2022-06-17,10.9896189615
2022-06-18,9.786379635
2022-06-19,11.189376855
2022-06-20,13.1790451815
2022-06-21,14.301477449999998
2022-06-22,10.87215426
2022-06-23,12.8128057875
2022-06-24,8.904035861999999
2022-06-25,11.328076125
2022-06-26,6.1678532565
2022-06-27,13.502006343
2022-06-28,12.6310027185
2022-06-29,9.913254876
2022-06-30,6.2390753415
2022-07-01,13.9316301405
2022-07-02,13.320784719
2022-07-03,9.847695474
2022-07-04,9.849881313
2022-07-05,9.8244938475
2022-07-06,7.0778383335
2022-07-07,7.6569772635
2022-07-08,10.751393061
2022-07-09,13.864532373
2022-07-10,11.225588067
2022-07-11,12.0759434955
2022-07-12,12.117267481499999
2022-07-13,10.7420436225
2022-07-14,9.6579817965
2022-07-15,9.4178627505
2022-07-16,9.51762393
2022-07-17,13.337684073
2022-07-18,11.906356684499999
2022-07-19,10.1984004315
2022-07-20,10.71707598
2022-07-21,10.244027110500001
2022-07-22,12.778290621
2022-07-23,8.022095158499999
2022-07-24,6.515500207500001
2022-07-25,12.3702197085
2022-07-26,10.316186406
2022-07-27,11.553672843000001
2022-07-28,6.362484579
2022-07-29,12.4460913825
2022-07-30,13.1932856565
2022-07-31,9.5556514185
2022-08-01,10.6669800585
2022-08-02,8.884344586500001
2022-08-03,10.284120207
2022-08-04,12.427432911
2022-08-05,9.795565480499999
2022-08-06,11.9624947065
2022-08-07,9.1903916115
2022-08-08,12.529083294
2022-08-09,11.5590448035
2022-08-10,11.98749043575
2022-08-11,12.415936068
2022-08-12,12.3426257085
2022-08-13,11.097699732
2022-08-14,8.8035355575
2022-08-15,7.6245444585
2022-08-16,9.841087696499999
2022-08-17,11.912288409
2022-08-18,12.0542250465
2022-08-19,10.996126218
2022-08-20,9.010586151
2022-08-21,8.1973623915
2022-08-22,11.8483994295
2022-08-23,11.057977183499998
2022-08-24,10.8698334075
2022-08-25,7.3682159085
2022-08-26,7.843295893500001
2022-08-27,9.4838400045
2022-08-28,9.8136533475
2022-08-29,11.42121573
2022-08-30,11.365418691
2022-08-31,7.594385202000001
2022-09-01,9.830259022499998
2022-09-02,10.7707768605
2022-09-03,10.9930662405
2022-09-04,11.010622923
2022-09-05,10.099620810000001
2022-09-06,10.198934572499999
2022-09-07,9.876479958000001
2022-09-08,5.9238109350000006
2022-09-09,2.3071944555000004
2022-09-10,2.427430383
2022-09-11,10.307100096000001
2022-09-12,10.275773022
2022-09-13,8.781467255999999
2022-09-14,6.1275955815000005
2022-09-15,6.727166883000001
2022-09-16,7.301388168
2022-09-17,9.5854056345
2022-09-18,9.924935022
2022-09-19,9.809932099500001
2022-09-20,7.657307406
2022-09-21,1.674346761
2022-09-22,4.2792673365
2022-09-23,6.884187912000001
2022-09-24,9.489108487500001
2022-09-25,9.240041101500001
2022-09-26,9.247036180499999
2022-09-27,7.6802449185
2022-09-28,8.923343778000001
2022-09-29,6.3002985435
2022-09-30,4.6143898965
2022-10-01,6.6822133005
2022-10-02,4.9435666065
2022-10-03,6.3351694755
2022-10-04,6.998459264999999
2022-10-05,8.503948484999999
2022-10-06,8.256658941000001
2022-10-07,4.1636103705
2022-10-08,8.061657070499999
2022-10-09,8.0822855565
2022-10-10,6.8208652665
2022-10-11,4.2794223885
2022-10-12,7.803896589
2022-10-13,7.711009272
2022-10-14,7.6210892955
2022-10-15,5.697108485999999
2022-10-16,6.4792554885
2022-10-17,7.3789972785
2022-10-18,7.330845748500001
2022-10-19,7.2550903635
2022-10-20,7.1481419325
2022-10-21,6.5526141375
2022-10-22,6.9581828654999995
2022-10-23,4.274334252
2022-10-24,6.279866172
2022-10-25,5.70923949825
2022-10-26,5.1386128245
2022-10-27,4.331325717
2022-10-28,6.7341274695
2022-10-29,6.462707957999999
2022-10-30,5.933524023
2022-10-31,6.437979792
2022-11-01,6.109839828
2022-11-02,5.567055992999999
2022-11-03,2.8051025625
2022-11-04,5.819316399
2022-11-05,5.069498724000001
2022-11-06,1.4561935245
2022-11-07,5.489694243
2022-11-08,4.974315192
2022-11-09,5.7082219695
2022-11-10,5.164568923499999
2022-11-11,5.6190972915
2022-11-12,5.3241923295
2022-11-13,5.4528631515
2022-11-14,4.797659389500001
2022-11-15,4.420388308500001
2022-11-16,4.3989457995
2022-11-17,2.225400912
2022-11-18,4.4520070904999995
2022-11-19,5.331626941500001
2022-11-20,5.2126534395
2022-11-21,5.118139062
2022-11-22,4.987183851
2022-11-23,2.5903226925
2022-11-24,3.639682107
2022-11-25,4.931339508000001
2022-11-26,4.5148110345
2022-11-27,2.1791651940000003
2022-11-28,3.2599620584999998
2022-11-29,2.7207023715
2022-11-30,5.0268748635
2022-12-01,4.1187050775000005
2022-12-02,4.628231901
2022-12-03,4.5409869
2022-12-04,4.471315991999999
2022-12-05,4.181822082
2022-12-06,4.2451818480000005
2022-12-07,2.936994984
2022-12-08,3.42912609
2022-12-09,4.308755796
2022-12-10,4.323291264
2022-12-11,4.350802482
2022-12-12,2.063349234
2022-12-13,1.3067900820000002
2022-12-14,1.6541834310000003
2022-12-15,2.00157678
2022-12-16,3.897341082
2022-12-17,4.275694241999999
2022-12-18,2.911408776
2022-12-19,4.263447762
2022-12-20,2.7636363360000002
2022-12-21,2.882759634
2022-12-22,4.445980758
2022-12-23,4.525963938
2022-12-24,3.343370508
2022-12-25,1.998964548
2022-12-26,3.4823233800000004
2022-12-27,2.590854534
2022-12-28,2.0549048130000003
2022-12-29,3.823002846
2022-12-30,3.535163262
2022-12-31,2.784321324
