ID,Year,Week of grazing season,Treatment,CP,DOM,sampling date,CARM pasture,PastureID,Week_in_Pasture,NDVI,NDVI_d30,iNDVI,t_peak_IRG,iNDVI_dry
1,2014,1,CARM,11.62,64.88,2014-05-23,Elm,20NW,1,0.3920472385714286,0.07714212000000001,7.101664730109889,35.0,0.0
2,2014,1,TRM,13.37,65.7,2014-05-23,Elm,20SE,1,0.42362694142857144,0.09517976285714284,8.916343917714284,34.0,0.0
3,2014,2,CARM,10.35,63.86,2014-05-30,Elm,20NW,2,0.4080117171428571,0.07612974571428573,8.488465453626374,42.0,0.0
4,2014,2,TRM,14.69,65.65,2014-05-30,Elm,20SE,2,0.44311070142857145,0.09382919571428572,10.639499169560438,41.0,0.0
5,2014,3,CARM,12.63,64.73,2014-06-06,Snowfence,18S,1,0.46576847857142856,0.07455700714285715,12.830504888791213,54.0,0.004325365278639347
6,2014,3,TRM,13.79,66.26,2014-06-06,Snowfence,19N,1,0.5060239157142857,0.0856564514285714,14.013166280351651,51.0,0.00032900044321296804
7,2014,4,CARM,10.87,63.73,2014-06-13,Snowfence,18S,2,0.4593919642857142,0.046499330000000005,14.617770472637364,61.0,0.16043220050108692
8,2014,4,TRM,13.01,67.7,2014-06-13,Snowfence,19N,2,0.5021051085714286,0.05823617714285713,16.010781576791207,58.0,0.10143004196869247
9,2014,5,CARM,10.03,62.63,2014-06-20,Snowfence,18S,3,0.4428197771428572,0.008097937142857139,16.318925943626382,68.0,0.6673497666242801
10,2014,5,TRM,13.1,64.42,2014-06-20,Snowfence,19N,3,0.48651049142857145,0.01863548,17.934022577516483,65.0,0.5733350492116348
11,2014,6,CARM,11.2,63.21,2014-06-27,Headquarters,7SE,1,0.4189959614285715,-0.024873485714285715,18.511789203296704,73.0,1.393743512222686
12,2014,6,TRM,10.86,65.27,2014-06-27,Headquarters,7NW,1,0.42530700714285713,-0.03590344857142857,19.25213048527473,74.0,1.6845113961988345
13,2014,7,CARM,7.77,61.61,2014-07-03,Headquarters,7SE,2,0.3995061999999999,-0.05481986714285714,19.811309025978026,79.0,2.210469261704448
14,2014,7,TRM,9.93,64.5,2014-07-03,Headquarters,7NW,2,0.40646817428571425,-0.06404512285714287,20.547447166879124,80.0,2.4904517677604217
15,2014,8,CARM,8.38,62.83,2014-07-08,Headquarters,7SE,3,0.38546761285714287,-0.07198950285714287,20.81125847487913,84.0,2.847701364873202
16,2014,8,TRM,8.03,60.83,2014-07-08,Headquarters,7NW,3,0.39388157714285715,-0.07769576571428571,21.550091326549452,85.0,3.071130759233136
17,2014,9,CARM,8.71,64.75,2014-07-15,Ridgeline,8E,1,0.37896143142857147,-0.05790323428571427,21.450851319956048,87.0,2.4594325356114446
18,2014,9,TRM,9.42,63.56,2014-07-15,Ridgeline,5E,1,0.37057982714285714,-0.05397521714285714,21.024662465274726,92.0,2.3406822749645277
19,2014,10,CARM,7.27,62.58,2014-07-23,Ridgeline,8E,2,0.36515914571428576,-0.06183889285714285,22.982292516923078,95.0,3.1558123474379456
20,2014,10,TRM,8.29,62.0,2014-07-23,Ridgeline,5E,2,0.36495579857142857,-0.04647422714285715,22.54202222362638,100.0,2.635958671919713
21,2014,11,CARM,8.07,62.91,2014-07-29,Saltflat,17S,1,0.37144772428571426,-0.07357136428571429,24.611255394659338,99.0,4.151792100255176
22,2014,11,TRM,8.54,62.12,2014-07-29,Saltflat,17N,1,0.37797230857142855,-0.04850037857142858,23.39755859703297,104.0,3.012042681578417
23,2014,12,CARM,7.42,61.16,2014-08-05,Saltflat,17S,2,0.3574459014285715,-0.06947981714285713,25.76494673991209,106.0,4.911091445574888
24,2014,12,TRM,7.72,62.11,2014-08-05,Saltflat,17N,2,0.3699371771428571,-0.04109847714285713,24.608888955824174,111.0,3.432605163214112
25,2014,13,CARM,5.85,59.55,2014-08-12,Saltflat,17S,3,0.34425097,-0.06488562571428572,26.824204759450545,113.0,5.653927153219846
26,2014,13,TRM,8.09,61.82,2014-08-12,Saltflat,17N,3,0.36038165714285714,-0.03775134,25.758703804615383,118.0,3.947650153290528
27,2014,14,CARM,5.6,61.93,2014-08-18,Saltflat,17S,4,0.33347603142857146,-0.061536968571428576,27.660365390483516,119.0,6.285576066271848
28,2014,14,TRM,7.1,63.27,2014-08-18,Saltflat,17N,4,0.3505533842857143,-0.039022562857142847,26.684775121538458,124.0,4.5047088992100885
29,2014,15,CARM,9.31,61.25,2014-08-26,Crossroads,25NW,1,0.3277241014285714,-0.019143384285714295,21.14210259186813,143.0,3.9387455600632975
30,2014,15,TRM,7.98,60.86,2014-08-26,Crossroads,25SE,1,0.3561523228571429,-0.01892222428571429,23.92743342731868,147.0,3.111875921901133
31,2014,16,CARM,6.93,58.94,2014-09-02,Crossroads,25NW,2,0.3168339428571429,-0.030135602857142858,21.716868978,150.0,4.45955608185493
32,2014,16,TRM,7.87,60.95,2014-09-02,Crossroads,25SE,2,0.34411038,-0.03191961142857143,24.784684760901097,154.0,3.7763077100854328
33,2014,17,CARM,7.86,57.07,2014-09-08,Crossroads,25NW,3,0.30730807999999993,-0.03840192142857143,22.148247085296703,156.0,4.92537244864625
34,2014,17,TRM,9.32,60.33,2014-09-08,Crossroads,25SE,3,0.3334562457142857,-0.0415984757142857,25.451209817032968,160.0,4.382913053843542
37,2014,19,CARM,8.43,55.76,2014-09-23,Hilltank,26W,1,0.2943834442857143,-0.054142501428571445,20.312849364197813,184.0,6.341470410817694
38,2014,19,TRM,10.01,54.69,2014-09-23,Hilltank,26E,1,0.29982266571428573,-0.03792149714285714,19.612748766219788,186.0,5.547944565082797
39,2014,20,CARM,6.13,55.32,2014-09-29,Hilltank,26W,2,0.2831219857142857,-0.05585952714285714,20.408847824131875,190.0,6.830108426413332
40,2014,20,TRM,6.86,59.43,2014-09-29,Hilltank,26E,2,0.29093140285714286,-0.03978275428571428,19.759700112571434,192.0,5.918596336333532
41,2015,1,CARM,7.69,64.94,2015-05-21,Snowfence,18S,1,0.3296936242857143,0.09229437,3.661053069450549,4.0,1.1733935953966797e-07
42,2015,1,TRM,11.98,63.96,2015-05-21,Snowfence,19N,1,0.3462147328571428,0.0991364542857143,3.8910933989011007,6.0,-2.8464921511017722e-08
43,2015,2,CARM,8.12,63.03,2015-05-27,Snowfence,18S,2,0.3534798971428571,0.09911263428571429,4.622402793406593,10.0,1.1733935953966797e-07
44,2015,2,TRM,11.5,62.44,2015-05-27,Snowfence,19N,2,0.3707874928571428,0.10495062571428572,4.915192239296705,12.0,-2.8464921511017722e-08
45,2015,3,CARM,10.93,63.79,2015-06-03,Saltflat,17S,1,0.35583750285714283,0.08259095571428572,5.4659932158241755,25.0,0.0
46,2015,3,TRM,13.97,63.9,2015-06-03,Saltflat,17N,1,0.4115710914285714,0.11371833571428572,7.242117038021975,21.0,0.0
47,2015,4,CARM,10.55,61.99,2015-06-10,Saltflat,17S,2,0.3748100228571429,0.08281292142857145,6.744361234175825,32.0,0.0
48,2015,4,TRM,12.61,63.72,2015-06-10,Saltflat,17N,2,0.43976577,0.11759991571428571,8.964069206241755,28.0,0.0
49,2015,5,CARM,9.03,60.8,2015-06-17,Saltflat,17S,3,0.3902351085714285,0.08002343285714286,8.142934331098902,39.0,0.0
50,2015,5,TRM,13.48,64.11,2015-06-17,Saltflat,17N,3,0.46222363571428576,0.11567931714285713,10.863248994461534,35.0,0.0
51,2015,6,CARM,9.86,60.09,2015-06-24,Saltflat,17S,4,0.3981359928571428,0.07033426,9.621829912307692,46.0,0.0
52,2015,6,TRM,10.73,65.15,2015-06-24,Saltflat,17N,4,0.47431800714285716,0.10303752,12.880486342681317,42.0,0.0
53,2015,7,CARM,7.82,59.33,2015-07-01,Saltflat,17S,5,0.3967895428571428,0.05031413714285714,11.118622772087914,53.0,0.04188301353697921
54,2015,7,TRM,11.19,62.79,2015-07-01,Saltflat,17N,5,0.47384446714285716,0.07573443714285714,14.932309160901097,49.0,0.04690828546075387
55,2015,8,CARM,8.27,61.14,2015-07-07,Saltflat,17S,6,0.3895787257142857,0.026833188571428555,12.370883706593407,59.0,0.2320470927985809
56,2015,8,TRM,10.17,62.77,2015-07-07,Saltflat,17N,6,0.46408064,0.042201671428571445,16.653291754681316,55.0,0.3298981913235419
57,2015,9,CARM,7.69,62.07,2015-07-15,Nighthawk,10S,1,0.4373365514285714,-0.02180763857142859,17.53534117285714,58.0,1.4817808510751134
58,2015,9,TRM,9.5,62.03,2015-07-15,Nighthawk,15E,1,0.43290069999999997,-0.0013281085714285656,16.33596639934066,58.0,0.9079489183563696
59,2015,10,CARM,8.11,61.91,2015-07-23,Nighthawk,10S,2,0.4019827042857143,-0.07754642428571427,19.308380868681322,66.0,2.8153099683755007
60,2015,10,TRM,10.95,62.08,2015-07-23,Nighthawk,15E,2,0.4078621342857143,-0.04775025428571428,18.174450172637357,66.0,1.8323270098601345
61,2015,11,CARM,7.37,60.67,2015-07-27,Nighthawk,10S,3,0.3852475971428571,-0.09726846000000001,20.091532298021985,70.0,3.495188885751695
62,2015,11,TRM,8.39,61.66,2015-07-27,Nighthawk,15E,3,0.39569493571428577,-0.06448920142857142,19.01954794285714,70.0,2.3191496778375145
63,2015,12,CARM,7.22,60.89,2015-08-05,Nighthawk,10S,4,0.3508099371428572,-0.12015606000000001,21.621565794395604,79.0,4.986900612192111
64,2015,12,TRM,9.15,61.57,2015-08-05,Nighthawk,15E,4,0.36993775714285715,-0.08528759285714285,20.749080372637366,79.0,3.4299674580732034
65,2015,13,CARM,7.0,60.03,2015-08-12,Nighthawk,10S,5,0.32771612,-0.1193719757142857,22.613376063956043,86.0,6.050780454166991
66,2015,13,TRM,8.73,61.28,2015-08-12,Nighthawk,15E,5,0.35167331571428573,-0.08755407999999999,21.942450200879126,86.0,4.271410787069024
67,2015,14,CARM,6.98,59.57,2015-08-19,Nighthawk,10S,6,0.30724084285714287,-0.10944555999999998,23.45415912637363,93.0,7.033470336444494
68,2015,14,TRM,9.18,61.68,2015-08-19,Nighthawk,15E,6,0.33337800857142863,-0.08432287142857144,23.008260139120882,93.0,5.15337609472982
69,2015,15,CARM,9.26,61.61,2015-08-27,Highway,21N,1,0.33068271428571433,-0.1052558442857143,27.054447584395604,97.0,7.047286410062074
70,2015,15,TRM,10.51,63.22,2015-08-27,Highway,24W,1,0.30027217857142857,-0.08458610714285715,23.390502050395607,99.0,6.125979714339463
71,2015,16,CARM,7.42,60.55,2015-09-03,Highway,21N,2,0.30881098999999995,-0.10257950714285714,28.003162918131864,104.0,8.290982555880786
72,2015,16,TRM,7.92,62.07,2015-09-03,Highway,24W,2,0.2830819428571429,-0.08078797000000001,24.180953316901103,106.0,7.04951601078907
73,2015,17,CARM,6.49,60.71,2015-09-11,Highway,21N,3,0.28638500714285714,-0.09506256285714286,28.909762980769226,112.0,9.626782886282118
74,2015,17,TRM,7.06,60.29,2015-09-11,Highway,24W,3,0.26602267857142853,-0.07537477714285715,24.947548599846158,114.0,8.005748533979355
75,2015,18,CARM,4.98,60.56,2015-09-18,Highway,21N,4,0.27026105142857143,-0.08732758142857143,29.57002846164835,119.0,10.624002373606631
76,2015,18,TRM,5.74,60.97,2015-09-18,Highway,24W,4,0.2539171357142857,-0.06854793714285715,25.518015344923082,121.0,8.708284133869137
77,2015,19,CARM,4.65,58.5,2015-09-25,Highway,21N,9,0.25758129142857145,-0.07788884428571427,30.13129547681319,126.0,11.430242129740291
78,2015,19,TRM,6.75,61.42,2015-09-25,Highway,24W,5,0.24425010285714285,-0.05994830571428571,26.013725017142857,128.0,9.282674863574158
79,2016,1,CARM,7.22,65.07,2016-05-20,Ridgeline,8E,1,0.2846371285714286,0.07714093714285715,3.2509435945054945,23.0,0.0
80,2016,1,TRM,10.8,65.35,2016-05-20,Ridgeline,5E,1,0.30716238142857144,0.09436740857142858,3.7299001109230754,23.0,0.0
81,2016,2,CARM,7.78,66.27,2016-05-27,Ridgeline,8E,2,0.3018408528571429,0.08084196857142857,4.1790813835164835,30.0,0.0
82,2016,2,TRM,12.62,68.2,2016-05-27,Ridgeline,5E,2,0.32933585000000004,0.10184194857142857,4.830604342549449,30.0,0.0
83,2016,3,CARM,7.57,66.25,2016-06-03,Ridgeline,8E,3,0.31390739285714286,0.07608165714285715,5.20828444824176,37.0,0.0
84,2016,3,TRM,11.97,67.75,2016-06-03,Ridgeline,5E,3,0.3441077900000001,0.09714655000000001,6.058751308461537,37.0,0.0
85,2016,4,CARM,6.7,65.81,2016-06-07,Ridgeline,8E,4,0.31800700142857147,0.06961108285714285,5.826026007472528,41.0,0.0
86,2016,4,TRM,10.74,68.12,2016-06-07,Ridgeline,5E,4,0.3483876971428571,0.08848456,6.794661773472525,41.0,0.0
87,2016,5,CARM,7.1,65.16,2016-06-14,Elm,20NW,1,0.33583808285714284,0.06604645714285715,7.307242324263734,46.0,0.021753169445504986
88,2016,5,TRM,11.47,69.91,2016-06-14,Elm,20SE,1,0.35383838428571435,0.08405487428571427,7.805831362637362,41.0,0.00047284078147970607
89,2016,6,CARM,7.22,64.81,2016-06-22,Elm,20NW,2,0.3246547342857143,0.028366651428571414,8.639350775846154,54.0,0.25967447846238795
90,2016,6,TRM,9.85,66.31,2016-06-22,Elm,20SE,2,0.3493491057142858,0.05103812142857143,9.361662542219777,49.0,0.09772061473653353
91,2016,7,CARM,5.58,62.67,2016-06-30,Elm,20NW,3,0.30732321857142864,-0.012523255714285721,9.849197895999996,62.0,0.723706247555197
92,2016,7,TRM,7.89,67.23,2016-06-30,Elm,20SE,3,0.3366486442857143,0.011012695714285719,10.840359771802197,57.0,0.4415883488967974
93,2016,8,CARM,7.46,65.42,2016-07-08,South,31W,1,0.29028189,-0.07209275285714287,12.881524936989011,66.0,2.2269043729884443
94,2016,8,TRM,8.89,66.05,2016-07-08,South,31E,1,0.29710372,-0.06761473000000001,12.853140910549453,68.0,2.059630752906695
95,2016,9,CARM,6.42,63.2,2016-07-14,South,31W,2,0.2717203342857143,-0.08969716857142859,13.588530443010987,72.0,2.912467060618986
96,2016,9,TRM,8.77,65.79,2016-07-14,South,31E,2,0.28092582285714285,-0.08253489285714287,13.588750458021982,74.0,2.6567077344916794
97,2016,10,CARM,7.53,61.98,2016-07-25,South,31W,3,0.24849126142857145,-0.08957788857142857,14.649936293098902,83.0,3.8503620512309107
98,2016,10,TRM,7.71,64.04,2016-07-25,South,31E,3,0.2614517042857143,-0.07955908999999999,14.737725526483517,85.0,3.443264347863405
99,2016,11,CARM,6.08,60.51,2016-08-01,Crossroads,25NW,1,0.25467811428571424,-0.05813508857142857,14.86615499063736,95.0,3.6022223012227266
100,2016,11,TRM,7.79,63.16,2016-08-01,Crossroads,25SE,1,0.25612604285714285,-0.06507673714285715,15.782186754285714,92.0,3.6536966601250644
101,2016,12,CARM,7.31,58.86,2016-08-08,Crossroads,25NW,2,0.24731716142857144,-0.04661411571428572,15.364377535450549,102.0,3.9077339903616584
102,2016,12,TRM,7.79,62.8,2016-08-08,Crossroads,25SE,2,0.24908477857142858,-0.05157769285714285,16.429059035714282,99.0,3.9710362895582088
103,2016,13,CARM,6.63,58.71,2016-08-18,Hilltank,26W,1,0.26118413,-0.03292712714285716,15.925367086637364,111.0,3.5734811856481437
104,2016,13,TRM,7.52,59.05,2016-08-18,Hilltank,26E,1,0.2553861742857143,-0.028082322857142867,16.00373444393407,112.0,3.565518426213317
105,2016,14,CARM,6.49,56.03,2016-08-24,Hilltank,26W,2,0.2523289585714286,-0.03381272571428573,16.31996617024176,117.0,3.950596994358662
106,2016,14,TRM,6.99,59.31,2016-08-24,Hilltank,26E,2,0.2497330357142857,-0.026190719999999997,16.43607583432967,118.0,3.8160524307247408
107,2016,15,CARM,5.28,58.07,2016-09-01,Hilltank,26W,3,0.24025034285714283,-0.03839836,16.761337763142855,125.0,4.489013044618491
108,2016,15,TRM,6.86,59.42,2016-09-01,Hilltank,26E,3,0.24271885142857144,-0.026253504285714293,16.961526703428568,126.0,4.141024869856746
109,2016,16,CARM,6.87,56.87,2016-09-06,Hilltank,26W,4,0.23328518142857144,-0.04091283428571429,16.98991240281319,130.0,4.809243574292647
110,2016,16,TRM,8.27,58.15,2016-09-06,Hilltank,26E,4,0.23884916142857143,-0.026339865714285725,17.2632686409011,131.0,4.32481157593571
111,2016,17,CARM,5.75,65.85,2016-09-14,Snowfence,18S,1,0.24897544000000002,-0.01870151857142857,18.953145499494514,138.0,4.128139078736091
112,2016,17,TRM,6.13,60.66,2016-09-14,Snowfence,19N,1,0.23468097142857142,-0.017577428571428574,17.81022144404395,142.0,4.567193713324868
113,2016,18,CARM,6.11,63.21,2016-09-20,Snowfence,18S,2,0.24181282857142858,-0.02377256285714286,19.368968738241765,144.0,4.500484571572974
114,2016,18,TRM,5.6,63.18,2016-09-20,Snowfence,19N,2,0.2307613442857143,-0.017912775714285716,18.116992081164835,148.0,4.757974397507534
115,2016,19,CARM,7.11,60.87,2016-09-29,Headquarters,7SE,1,0.2649068785714286,-0.012050111428571415,21.5618703070989,156.0,3.796796207015757
116,2016,19,TRM,6.44,60.82,2016-09-29,Headquarters,7NW,1,0.2649179285714286,-0.006114532857142847,20.68405807041758,159.0,3.9285011634348144
117,2017,1,CARM,8.43,66.15,2017-05-22,Snowfence,18S,1,0.2612638342857143,0.059651101428571426,2.1746213331208777,-3.0,0.0
118,2017,1,TRM,12.07,67.18,2017-05-22,Snowfence,19N,1,0.28089293285714284,0.07670551428571429,2.2106221491648346,7.0,-3.2993596774315284e-06
119,2017,2,CARM,8.52,65.8,2017-05-26,Snowfence,18S,2,0.27080283,0.06304456285714287,2.556222552307691,1.0,0.0
120,2017,2,TRM,11.86,65.64,2017-05-26,Snowfence,19N,2,0.29173981428571427,0.07945926714285714,2.6626553205494496,11.0,-3.2993596774315284e-06
121,2017,3,CARM,9.13,64.37,2017-06-01,Snowfence,18S,3,0.28482152857142856,0.06657003428571429,3.1994503003736248,7.0,0.0
122,2017,3,TRM,13.5,66.7,2017-06-01,Snowfence,19N,3,0.3070687328571429,0.08093463000000001,3.4192337004835154,17.0,-3.2993596774315284e-06
123,2017,4,CARM,9.51,65.29,2017-06-09,Headquarters,7SE,1,0.3204694271428571,0.06321298999999998,5.989434710175824,39.0,0.0
124,2017,4,TRM,12.25,67.35,2017-06-09,Headquarters,7NW,1,0.33755018999999997,0.07202385142857144,6.26986339578022,36.0,0.0
125,2017,5,CARM,10.95,66.14,2017-06-16,Headquarters,7SE,2,0.32326397,0.048069902857142854,7.117742749824176,46.0,0.0
126,2017,5,TRM,11.88,68.06,2017-06-16,Headquarters,7NW,2,0.3457103242857143,0.061355501428571435,7.511482427076923,43.0,0.0
127,2017,6,CARM,6.41,63.92,2017-06-21,Headquarters,7SE,3,0.32330865285714283,0.03535393571428571,7.9290428005934075,51.0,0.004803468885113536
128,2017,6,TRM,10.2,64.94,2017-06-21,Headquarters,7NW,3,0.3492900114285714,0.05160577571428572,8.4259179029011,48.0,0.0
129,2017,7,CARM,9.01,66.69,2017-06-30,Nighthawk,10S,1,0.3267443514285714,0.004279529999999999,9.815799678769228,61.0,0.41009218894760135
130,2017,7,TRM,9.69,64.31,2017-06-30,Nighthawk,15E,1,0.34541319,0.026086238571428572,10.0608640667033,56.0,0.13234450356463176
131,2017,8,CARM,7.19,63.06,2017-07-07,Nighthawk,10S,2,0.3114852828571429,-0.02472735428571429,10.899100869384613,68.0,0.86206695826523
132,2017,8,TRM,10.13,63.74,2017-07-07,Nighthawk,15E,2,0.3367034357142857,0.0006993414285714364,11.328817401956044,63.0,0.3886695228504499
133,2017,9,CARM,7.22,62.85,2017-07-12,Nighthawk,10S,3,0.30088629142857143,-0.04037499428571429,11.607866236967029,73.0,1.209755534573451
134,2017,9,TRM,8.82,64.01,2017-07-12,Nighthawk,15E,3,0.3302339442857143,-0.013716162857142873,12.195728698769232,68.0,0.604499115620328
135,2017,10,CARM,8.1,64.97,2017-07-19,Highway,21N,1,0.33257744571428566,-0.04536439571428572,14.728680679516488,76.0,1.5384564425811074
136,2017,10,TRM,9.8,65.55,2017-07-19,Highway,24W,1,0.3460781128571429,0.005102998571428564,13.461725181142857,72.0,0.09646540805500196
137,2017,11,CARM,8.78,63.69,2017-07-26,Crossroads,25NW,1,0.33985682,-0.013537447142857126,14.390068419274728,78.0,0.5134189736787237
138,2017,11,TRM,9.46,63.08,2017-07-26,Crossroads,25SE,1,0.35306266142857146,0.005065035714285705,14.630697640791212,74.0,0.0
139,2017,12,CARM,8.35,64.03,2017-08-02,Crossroads,25NW,2,0.33554438571428563,-0.018711965714285708,15.632641408813189,85.0,0.7010459330868365
140,2017,12,TRM,8.45,62.39,2017-08-02,Crossroads,25SE,2,0.3549781357142857,0.0052497785714285695,16.04161494687912,81.0,0.0
141,2017,14,CARM,8.8,63.92,2017-08-15,Hilltank,26W,1,0.3085578414285714,-0.04000694428571429,19.65688852553846,101.0,2.5406297917556055
142,2017,14,TRM,11.58,62.99,2017-08-15,Hilltank,26E,1,0.33500272142857146,-0.009780825714285695,19.093249238307692,101.0,0.7817682578239721
143,2017,15,CARM,6.85,62.71,2017-08-22,Hilltank,26W,2,0.29737066,-0.041036779999999995,20.677118409692305,108.0,3.140975104134562
144,2017,15,TRM,9.94,62.2,2017-08-22,Hilltank,26E,2,0.32728008,-0.014048814285714297,20.30868041810989,108.0,1.1853627575601788
145,2017,16,CARM,7.34,63.3,2017-08-28,Hilltank,26W,3,0.2878744585714286,-0.04219536714285715,21.489149171824174,114.0,3.682238313049885
146,2017,16,TRM,9.19,62.61,2017-08-28,Hilltank,26E,3,0.31920584428571436,-0.02008993000000001,21.301619424879124,114.0,1.6448037073413855
147,2017,17,CARM,6.84,61.66,2017-09-05,South,31W,1,0.31654182571428574,-0.03218729857142855,21.70412571742857,113.0,1.8836654641446897
148,2017,17,TRM,7.85,63.03,2017-09-05,South,31E,1,0.29298686285714287,-0.028696575714285726,20.595992283428576,118.0,2.2804845893080956
149,2017,18,CARM,5.77,62.57,2017-09-13,Saltflat,17S,1,0.31134276857142856,-0.04927384142857143,23.89590054461538,121.0,3.149016002906152
150,2017,18,TRM,7.74,60.58,2017-09-13,Saltflat,17N,1,0.31174716857142853,-0.038888541428571434,24.08626413329671,126.0,2.8984368156992226
151,2017,19,CARM,5.05,62.37,2017-09-20,Saltflat,17S,2,0.2973784285714286,-0.056554914285714276,24.88257361186813,128.0,4.0937485574519945
152,2017,19,TRM,4.86,61.95,2017-09-20,Saltflat,17N,2,0.30059265428571436,-0.04440585714285714,25.091384390109898,133.0,3.6637804058564947
153,2018,1,CARM,10.35,64.44,2018-05-17,Elm,20NW,1,0.31354373428571425,0.09310096142857145,2.8802593381758266,18.0,0.0
154,2018,1,TRM,11.55,66.0,2018-05-17,Elm,20SE,1,0.32723456999999995,0.11614133000000001,3.0920030638241753,16.0,0.0
155,2018,1,TRM,10.94,65.46,2018-05-17,Elm,7NW,1,0.3449182571428571,0.13538536285714287,2.9150585976923096,17.0,0.0
156,2018,1,TRM,11.0,65.47,2018-05-17,Elm,19N,1,0.35249981428571425,0.12352608857142858,3.176104087164833,16.0,0.0
157,2018,1,TRM,11.81,66.01,2018-05-17,Elm,15E,1,0.34364948571428566,0.13195791857142858,3.1615645028571433,16.0,0.0
158,2018,2,CARM,7.57,62.69,2018-05-24,Elm,20NW,2,0.3343103114285714,0.09862215142857142,3.888552432967036,25.0,0.0
159,2018,2,TRM,12.24,67.34,2018-05-24,Elm,20SE,2,0.35390518,0.1255257642857143,4.282937433450548,23.0,0.0
160,2018,2,TRM,11.02,66.13,2018-05-24,Elm,7NW,2,0.3707917985714286,0.1404614242857143,4.183066475274727,24.0,0.0
161,2018,2,TRM,8.77,63.0,2018-05-24,Elm,19N,2,0.3765977628571428,0.1277424185714286,4.412014011846152,23.0,0.0
162,2018,2,TRM,12.84,66.38,2018-05-24,Elm,15E,2,0.3702459842857143,0.13881821857142856,4.443567380000001,23.0,0.0
163,2018,3,CARM,8.38,65.11,2018-05-31,Snowfence,18S,1,0.3645167471428571,0.09429776,5.705618358021975,35.0,0.001368519517840797
164,2018,3,TRM,,,2018-05-31,Snowfence,19N,1,0.38813196857142856,0.11382237714285713,5.7676893750988985,30.0,0.0
165,2018,3,TRM,11.89,67.02,2018-05-31,Snowfence,7NW,1,0.38197896,0.12403985285714285,5.575170971428572,31.0,0.0
166,2018,3,TRM,10.71,66.11,2018-05-31,Snowfence,19N,1,0.38813196857142856,0.11382237714285713,5.7676893750988985,30.0,0.0
167,2018,3,TRM,12.65,67.03,2018-05-31,Snowfence,15E,1,0.38248301714285715,0.12457827285714286,5.8563829114285735,30.0,0.0
168,2018,4,CARM,7.76,63.05,2018-06-07,Snowfence,18S,2,0.3587771471428571,0.06108058999999999,6.947473462615383,42.0,0.08539527260510692
169,2018,4,TRM,,,2018-06-07,Snowfence,19N,2,0.3863154714285715,0.0817719657142857,7.150617641208789,37.0,0.038827931554470785
170,2018,4,TRM,10.56,66.5,2018-06-07,Snowfence,7NW,2,0.37807321714285713,0.08646418571428571,6.984315986153847,38.0,0.060649321977396746
171,2018,4,TRM,9.2,64.19,2018-06-07,Snowfence,19N,2,0.3863154714285715,0.0817719657142857,7.150617641208789,37.0,0.038827931554470785
172,2018,4,TRM,12.56,60.2,2018-06-07,Snowfence,15E,2,0.3791602357142857,0.0885445342857143,7.292020588571431,37.0,0.05837234044476911
173,2018,5,CARM,8.69,64.48,2018-06-15,South,31W,1,0.34208708428571427,0.022514658571428568,8.036016874285716,44.0,0.413525615213669
174,2018,5,TRM,10.89,67.01,2018-06-15,South,31E,1,0.3559217328571429,0.03788113142857145,8.29167606076923,43.0,0.25083414780650864
175,2018,5,TRM,7.86,66.38,2018-06-15,South,7NW,1,0.35722463000000004,0.02520655142857144,8.488224270329672,46.0,0.4477823744036001
176,2018,5,TRM,8.46,64.44,2018-06-15,South,19N,1,0.36930017571428575,0.02833520285714286,8.648667009824173,45.0,0.3529081423694301
177,2018,5,TRM,9.83,63.0,2018-06-15,South,15E,1,0.3590246628571428,0.028235104285714296,8.830624420000003,45.0,0.4470285194266826
178,2018,6,CARM,7.74,63.49,2018-06-22,South,31W,2,0.31703088999999995,-0.028692824285714274,9.09885874457143,51.0,0.98064957981751
179,2018,6,TRM,9.27,65.74,2018-06-22,South,31E,2,0.33583774,-0.009846689999999991,9.504729229010987,50.0,0.7098780963979182
180,2018,6,TRM,7.87,64.75,2018-06-22,South,7NW,2,0.32930891285714287,-0.031100418571428572,9.623526150769234,53.0,1.08443251253352
181,2018,6,TRM,7.87,63.27,2018-06-22,South,19N,2,0.34496429285714286,-0.02206092,9.80599181307692,52.0,0.9051012853919943
182,2018,6,TRM,8.94,63.58,2018-06-22,South,15E,2,0.33233668714285713,-0.027509335714285717,10.003193268571431,52.0,1.0803227126287545
183,2018,7,CARM,7.84,60.98,2018-06-27,South,31W,3,0.2977974285714286,-0.059627985714285715,9.74424454457143,56.0,1.4748190624734168
184,2018,7,TRM,9.59,63.0,2018-06-27,South,31E,3,0.31885782285714287,-0.039950844285714285,10.274670709999997,55.0,1.1561883337536352
185,2018,7,TRM,8.4,63.78,2018-06-27,South,7NW,3,0.3074511571428572,-0.06577511000000001,10.306258563736266,58.0,1.6505910357543243
186,2018,7,TRM,8.57,62.95,2018-06-27,South,19N,3,0.32506191714285715,-0.054139492857142854,10.518161672747251,57.0,1.4180210077302238
187,2018,7,TRM,8.9,61.16,2018-06-27,South,15E,3,0.31198195142857144,-0.06148331,10.719901642857144,57.0,1.6296605400418318
188,2018,8,CARM,9.36,61.3,2018-07-05,Crossroads,25NW,1,0.28764395000000004,-0.08953703857142857,11.372084141274728,62.0,2.2960379004201514
189,2018,8,TRM,8.9,61.48,2018-07-05,Crossroads,25SE,1,0.2876606414285714,-0.09300221285714286,12.088949920549455,62.0,2.4898134090991673
190,2018,8,TRM,7.31,61.76,2018-07-05,Crossroads,7NW,1,0.2767739414285714,-0.10137372,11.185632822197805,66.0,2.532942863321654
191,2018,8,TRM,8.31,60.14,2018-07-05,Crossroads,19N,1,0.2953865271428571,-0.08993566428571428,11.45683552564835,65.0,2.2669188096639687
192,2018,8,TRM,9.51,60.85,2018-07-05,Crossroads,15E,1,0.2839453442857143,-0.09539488142857144,11.67095321857143,65.0,2.468560773378663
193,2018,9,CARM,8.29,57.79,2018-07-12,Crossroads,25NW,2,0.2630328114285715,-0.10770658,12.016686915538466,69.0,3.067265526853998
194,2018,9,TRM,7.53,58.72,2018-07-12,Crossroads,25SE,2,0.2645101128571429,-0.1096289842857143,12.838316642747255,69.0,3.2604444380459143
195,2018,9,TRM,7.07,61.4,2018-07-12,Crossroads,7NW,2,0.2577498228571428,-0.10956691428571429,11.785253435494509,73.0,3.1332123635030054
196,2018,9,TRM,7.74,60.19,2018-07-12,Crossroads,19N,2,0.2744159428571428,-0.10242675285714287,12.103454653186807,72.0,2.9195716032276033
197,2018,9,TRM,7.88,57.22,2018-07-12,Crossroads,15E,2,0.26616777428571425,-0.10258903428571428,12.346923340000002,72.0,3.049551163366266
198,2018,10,CARM,6.7,58.51,2018-07-19,Crossroads,25NW,3,0.24368832142857144,-0.10942571428571428,12.509720916945058,76.0,3.711307863870967
199,2018,10,TRM,7.94,61.49,2018-07-19,Crossroads,25SE,3,0.24680038428571427,-0.1081572042857143,13.447777862087914,76.0,3.8864340640434105
200,2018,10,TRM,7.71,60.67,2018-07-19,Crossroads,7NW,3,0.2461917857142857,-0.09860700142857141,12.28219574736264,80.0,3.524628842932505
201,2018,10,TRM,6.93,61.59,2018-07-19,Crossroads,19N,3,0.2584531414285714,-0.0992667142857143,12.62350906786813,79.0,3.445513588999508
202,2018,10,TRM,8.49,56.59,2018-07-19,Crossroads,15E,3,0.25368282714285717,-0.09301477000000001,12.921014182857146,79.0,3.4776421043121517
203,2018,11,CARM,8.85,57.36,2018-07-26,Hilltank,26W,1,0.23981233999999998,-0.09650644857142857,14.895450821010995,85.0,4.9008188588382495
204,2018,11,TRM,7.49,59.81,2018-07-26,Hilltank,26E,1,0.23252022142857146,-0.09223643142857142,14.305016484549446,84.0,4.674872308553618
205,2018,11,TRM,7.08,60.67,2018-07-26,Hilltank,7NW,1,0.23999159571428574,-0.07548639142857143,12.721073790659345,87.0,3.745930747906321
206,2018,11,TRM,6.21,60.57,2018-07-26,Hilltank,19N,1,0.24658402428571427,-0.08498812,13.048818431120875,86.0,3.852409061299356
207,2018,11,TRM,7.81,58.38,2018-07-26,Hilltank,15E,1,0.24353914571428573,-0.07507710571428573,13.418562757142855,86.0,3.831355193077588
208,2018,12,CARM,6.74,56.38,2018-07-31,Hilltank,26W,2,0.23030921999999995,-0.08450826714285715,15.170314550571433,90.0,5.261984560260457
209,2018,12,TRM,7.35,58.65,2018-07-31,Hilltank,26E,2,0.22477714857142855,-0.07820280571428571,14.590428766637363,89.0,4.967902075462342
210,2018,12,TRM,6.82,61.56,2018-07-31,Hilltank,7NW,2,0.23769724142857138,-0.05697707714285715,13.015536715054948,92.0,3.8324548723581295
211,2018,12,TRM,7.2,60.4,2018-07-31,Hilltank,19N,2,0.24008148428571427,-0.07208807857142858,13.308558595076919,91.0,4.081750710556355
212,2018,12,TRM,7.82,60.0,2018-07-31,Hilltank,15E,2,0.23697793857142857,-0.062361011428571436,13.732762015714284,91.0,4.067393769235288
213,2018,13,CARM,6.01,58.58,2018-08-09,Nighthawk,10S,1,0.23184204857142857,-0.04539671428571428,14.554593697648349,100.0,4.336717432713591
214,2018,13,TRM,,,2018-08-09,Nighthawk,15E,1,0.2268809914285714,-0.04511002571428572,14.223214418571432,100.0,4.44256141466133
215,2018,13,TRM,5.88,61.97,2018-08-09,Nighthawk,7NW,1,0.2356206985714286,-0.029125841428571435,13.527191134395606,101.0,3.909024794601352
216,2018,13,TRM,,,2018-08-09,Nighthawk,19N,1,0.23145678,-0.05050328428571428,13.70822394762637,100.0,4.3924868030611774
217,2018,13,TRM,6.46,57.88,2018-08-09,Nighthawk,15E,1,0.2268809914285714,-0.04511002571428572,14.223214418571432,100.0,4.44256141466133
218,2018,14,CARM,5.27,55.86,2018-08-16,Nighthawk,10S,2,0.2243920757142857,-0.03806893999999999,14.913291560593406,107.0,4.6257255463857705
219,2018,14,TRM,,,2018-08-16,Nighthawk,15E,2,0.21991483714285714,-0.037712381428571425,14.54623403571429,107.0,4.706371019739467
220,2018,14,TRM,6.87,60.16,2018-08-16,Nighthawk,7NW,2,0.23325223857142857,-0.016622157142857145,13.910942669120882,108.0,3.9848400948111196
221,2018,14,TRM,6.07,60.28,2018-08-16,Nighthawk,19N,2,0.22565740142857144,-0.03823726428571427,13.970955732307688,107.0,4.598174061025804
222,2018,14,TRM,6.79,57.94,2018-08-16,Nighthawk,15E,2,0.21991483714285714,-0.037712381428571425,14.54623403571429,107.0,4.706371019739467
223,2018,15,CARM,6.12,61.02,2018-08-24,Ridgeline,8E,1,0.21833405714285714,-0.01845566142857143,13.378378497428573,115.0,3.7932155769535134
224,2018,15,TRM,5.81,64.51,2018-08-24,Ridgeline,5E,1,0.22092180285714288,-0.008393409999999999,13.793712544945057,116.0,3.860371891454765
225,2018,15,TRM,7.05,62.22,2018-08-24,Ridgeline,7NW,1,0.2289485557142857,-0.011832732857142854,14.321142121868137,116.0,4.139438819152829
226,2018,15,TRM,6.76,64.54,2018-08-24,Ridgeline,19N,1,0.21949909285714284,-0.029396315714285717,14.222939633780214,115.0,4.824776782127271
227,2018,15,TRM,8.0,57.0,2018-08-24,Ridgeline,15E,1,0.21362177142857144,-0.03204511285714285,14.861964552857144,115.0,4.958230242576566
228,2018,16,CARM,6.28,61.06,2018-08-31,Ridgeline,8E,2,0.21297563142857143,-0.02075883714285714,13.671888320857144,122.0,3.9947799933939927
229,2018,16,TRM,6.34,59.63,2018-08-31,Ridgeline,5E,2,0.21690303285714285,-0.010561071428571442,14.136163698813192,123.0,4.0104273792766785
230,2018,16,TRM,7.22,61.01,2018-08-31,Ridgeline,7NW,2,0.22461072714285715,-0.012425485714285716,14.649553802307697,123.0,4.299897885822245
231,2018,16,TRM,7.63,61.89,2018-08-31,Ridgeline,19N,2,0.21465931,-0.02474187142857143,14.405616289890105,122.0,5.003916662593385
232,2018,16,TRM,6.65,58.1,2018-08-31,Ridgeline,15E,2,0.20977929999999997,-0.026724824285714276,15.104273758571432,122.0,5.115128359167192
233,2018,17,CARM,6.86,61.99,2018-09-07,Headquarters,7SE,1,0.22211293428571427,-0.023760315714285725,14.722250960769234,131.0,4.081200536812112
234,2018,17,TRM,7.17,62.94,2018-09-07,Headquarters,7NW,1,0.2196554057142857,-0.015632248571428566,14.945040884175828,130.0,4.4883170609514025
235,2018,17,TRM,6.14,61.64,2018-09-07,Headquarters,19N,1,0.20996807428571426,-0.02249782142857143,14.555052767428565,129.0,5.178945486065593
236,2018,17,TRM,7.23,57.47,2018-09-07,Headquarters,15E,1,0.20691222857142857,-0.021659182857142852,15.324011960000005,129.0,5.232018929740063
237,2018,18,CARM,5.63,58.73,2018-09-14,Headquarters,7SE,2,0.21580149714285715,-0.026408558571428573,14.991668072637367,138.0,4.334761312527575
238,2018,18,TRM,6.31,60.33,2018-09-14,Headquarters,7NW,2,0.21439914142857144,-0.018994097142857137,15.204351036043962,137.0,4.694705264263312
239,2018,18,TRM,6.03,60.74,2018-09-14,Headquarters,19N,2,0.2054755757142857,-0.021226844285714287,14.672360346395601,136.0,5.34890772819269
240,2018,18,TRM,6.65,56.74,2018-09-14,Headquarters,15E,2,0.2039877357142857,-0.017414657142857146,15.523953125714288,136.0,5.347607679026348
241,2018,19,CARM,4.4,61.81,2018-09-21,Saltflat,17S,1,0.21483716428571428,-0.028400564285714292,16.714378244615382,145.0,4.82588224497028
242,2018,19,TRM,5.85,59.18,2018-09-21,Saltflat,17N,1,0.21907104714285713,-0.029292624285714285,17.006543032131876,144.0,4.758303216733046
243,2018,19,TRM,5.71,58.76,2018-09-21,Saltflat,7NW,1,0.20947592714285718,-0.020480062857142857,15.42790583362638,144.0,4.894178042375218
244,2018,19,TRM,5.93,61.06,2018-09-21,Saltflat,19N,1,0.20145343285714287,-0.019700678571428567,14.759958343934057,143.0,5.5037096566786134
245,2018,19,TRM,6.69,55.73,2018-09-21,Saltflat,15E,1,0.20107504428571427,-0.014223478571428574,15.703072992857146,143.0,5.467625230074668
246,2019,1,CARM,8.43,64.94,2019-05-24,Saltflat,7SE,1,0.2644592742857143,0.07281497285714286,2.184787153208791,-5.0,0.0
247,2019,1,TRM,11.78,68.85,2019-05-24,Saltflat,7NW,1,0.2850083857142857,0.09966538142857143,2.217014520043956,-1.0,0.0
248,2019,1,TRM,13.32,70.81,2019-05-24,Saltflat,19N,1,0.31202003714285714,0.10752571142857144,3.1447276139780196,5.0,0.0
249,2019,1,TRM,13.43,68.32,2019-05-24,Saltflat,15E,1,0.31350653,0.11281996714285714,3.0667118367912094,3.0,0.0
250,2019,2,CARM,8.14,62.2,2019-05-30,Saltflat,7SE,2,0.28873777714285714,0.08632407428571429,2.880705010615384,1.0,0.0
251,2019,2,TRM,11.63,68.36,2019-05-30,Saltflat,7NW,2,0.31595757,0.11813253857142857,3.0707748414065934,5.0,0.0
252,2019,2,TRM,13.76,70.38,2019-05-30,Saltflat,19N,2,0.33902142571428573,0.1184902242857143,4.12859934641758,11.0,0.0
253,2019,2,TRM,13.67,68.93,2019-05-30,Saltflat,15E,2,0.34285928285714284,0.12648478428571427,4.071331075868133,9.0,0.0
254,2019,3,CARM,13.14,68.39,2019-06-05,Elm,20NW,1,0.3216785742857143,0.08953716714285713,4.586570193164834,16.0,0.0
255,2019,3,TRM,11.47,67.62,2019-06-05,Elm,20SE,1,0.33115550857142856,0.11363217142857142,4.42058822068132,15.0,0.0
256,2019,3,TRM,13.03,69.45,2019-06-05,Elm,19N,1,0.3648833528571429,0.1251584142857143,5.270852214571426,17.0,0.0
257,2019,3,TRM,14.09,68.08,2019-06-05,Elm,15E,1,0.37127827571428573,0.13513125285714286,5.249202167802198,15.0,0.0
258,2019,4,CARM,10.95,65.4,2019-06-11,Elm,20NW,2,0.3407659914285714,0.09180124285714286,5.610994384681318,22.0,0.0
259,2019,4,TRM,14.38,71.03,2019-06-11,Elm,20SE,2,0.3557611014285714,0.11944636142857143,5.560686408879122,21.0,0.0
260,2019,4,TRM,13.58,69.83,2019-06-11,Elm,19N,2,0.3885322371428572,0.12733137285714285,6.561495024153843,23.0,0.0
261,2019,4,TRM,14.05,68.29,2019-06-11,Elm,15E,2,0.39766177999999996,0.13866768714285715,6.591456426879121,21.0,0.0
262,2019,5,CARM,11.04,65.84,2019-06-18,Saltflat,17S,1,0.37005631714285714,0.09619061571428571,7.304642642571431,35.0,0.0
263,2019,5,TRM,12.81,66.75,2019-06-18,Saltflat,17N,1,0.4032521885714285,0.13567511285714287,7.2714433528571405,26.0,0.0
264,2019,5,TRM,11.57,68.56,2019-06-18,Saltflat,19N,1,0.4104689728571428,0.12214629714285714,8.226385903428566,30.0,0.0
265,2019,5,TRM,12.5,66.65,2019-06-18,Saltflat,15E,1,0.42235217714285705,0.1342711228571429,8.336178537230769,28.0,0.0
266,2019,6,CARM,10.54,63.92,2019-06-26,Saltflat,17S,2,0.3752463442857143,0.06918671428571428,9.011481577758248,43.0,0.0006066571601007886
267,2019,6,TRM,14.53,66.1,2019-06-26,Saltflat,17N,2,0.4273834742857142,0.12682598999999997,9.327220817802194,34.0,0.0
268,2019,6,TRM,13.43,69.08,2019-06-26,Saltflat,19N,2,0.4247874957142857,0.10264141285714287,10.2720883723956,38.0,0.0
269,2019,6,TRM,12.06,65.06,2019-06-26,Saltflat,15E,2,0.43853265857142854,0.11407214857142857,10.491801934571429,36.0,0.0
270,2019,7,CARM,11.99,65.64,2019-07-01,Saltflat,17S,3,0.37381647999999995,0.049185162857142854,10.082823408857148,48.0,0.03101455739725107
271,2019,7,TRM,12.48,66.45,2019-07-01,Saltflat,17N,3,0.4341887728571429,0.11190578428571427,10.683087157142854,39.0,0.0
272,2019,7,TRM,11.76,66.22,2019-07-01,Saltflat,19N,3,0.4261542271428572,0.08302619,11.58368113085714,43.0,0.011975942414382308
273,2019,7,TRM,11.22,64.15,2019-07-01,Saltflat,15E,3,0.43944008571428567,0.09224789857142857,11.874346559516486,41.0,0.019160945711727304
274,2019,8,CARM,10.28,64.96,2019-07-11,Highway,21N,1,0.4177546328571428,0.018146290000000002,14.667728090483516,52.0,0.8195393694089633
275,2019,8,TRM,11.39,64.15,2019-07-11,Highway,24W,1,0.41146855857142856,0.04952445428571429,13.269683225934063,46.0,0.2885624642099603
276,2019,8,TRM,12.14,66.57,2019-07-11,Highway,19N,1,0.4095461171428571,0.02728907428571426,14.133879436351647,53.0,0.4609812057300696
277,2019,8,TRM,11.12,64.03,2019-07-11,Highway,15E,1,0.41821753714285714,0.02798163142857144,14.542510317978023,51.0,0.5914260969565311
278,2019,9,CARM,9.1,63.03,2019-07-17,Highway,21N,2,0.3906455814285715,-0.031878051428571426,16.10303521208791,58.0,1.7189634671878211
279,2019,9,TRM,11.18,63.93,2019-07-17,Highway,24W,2,0.39337464857142856,0.008196799999999995,14.729177745494505,52.0,0.8507305856740187
280,2019,9,TRM,10.73,65.02,2019-07-17,Highway,19N,2,0.39136274142857147,-0.010330272857142855,15.546460018791207,59.0,1.0660994393381535
281,2019,9,TRM,9.98,62.32,2019-07-17,Highway,15E,2,0.3952242757142857,-0.016813954285714288,15.994446032769233,57.0,1.3551622389097366
282,2019,10,CARM,7.39,61.66,2019-07-23,Highway,21N,3,0.36104899714285715,-0.07684268285714287,17.365263762263734,64.0,2.8108006078547105
283,2019,10,TRM,9.16,63.36,2019-07-23,Highway,24W,3,0.37022127857142856,-0.03363011428571428,16.061163710769225,58.0,1.665993315831585
284,2019,10,TRM,8.79,61.91,2019-07-23,Highway,19N,3,0.3698682257142857,-0.0456128742857143,16.837452902659336,65.0,1.8623506477586373
285,2019,10,TRM,9.23,62.37,2019-07-23,Highway,15E,3,0.36852046428571433,-0.059210887142857146,17.294031137560445,63.0,2.344336723635883
286,2019,11,CARM,8.84,60.68,2019-07-31,Hilltank,26W,1,0.32899517857142857,-0.11383511285714286,19.552981625230764,70.0,4.327114848602221
287,2019,11,TRM,8.52,62.45,2019-07-31,Hilltank,26E,1,0.32899878428571433,-0.08430212857142858,17.04433913406594,68.0,3.0161673895642322
288,2019,11,TRM,8.87,62.5,2019-07-31,Hilltank,19N,1,0.3408782185714286,-0.08209977285714286,18.353449484483512,73.0,3.060885312483367
289,2019,11,TRM,8.06,61.72,2019-07-31,Hilltank,15E,1,0.33404066,-0.10190318428571428,18.7775718649011,71.0,3.7716048371323625
290,2019,12,CARM,7.73,61.5,2019-08-06,Hilltank,26W,2,0.30517723857142853,-0.12948530428571428,20.489778988263733,76.0,5.4183089686437365
291,2019,12,TRM,9.65,63.64,2019-08-06,Hilltank,26E,2,0.3078580442857143,-0.10388703428571426,18.007511058043956,74.0,3.9185467527235005
292,2019,12,TRM,8.01,62.62,2019-08-06,Hilltank,19N,2,0.3212603414285714,-0.09629007,19.345916095494495,79.0,3.938754314462145
293,2019,12,TRM,8.18,62.25,2019-08-06,Hilltank,15E,2,0.3123286114285714,-0.11659538999999998,19.72472069969231,77.0,4.741927359695344
294,2019,13,CARM,8.39,61.66,2019-08-14,Crossroads,25NW,1,0.27391899999999997,-0.09913935285714286,18.991968756,87.0,5.154480302708448
295,2019,13,TRM,9.22,63.77,2019-08-14,Crossroads,25SE,1,0.28492143999999997,-0.09712381428571427,18.064086890945052,79.0,4.239992662967995
296,2019,13,TRM,7.82,63.41,2019-08-14,Crossroads,19N,1,0.2996090857142857,-0.09896809571428573,20.504133297318678,87.0,4.976484126767027
297,2019,13,TRM,7.23,61.18,2019-08-14,Crossroads,15E,1,0.28981913285714284,-0.11516195571428574,20.811041167032972,85.0,5.816756974157124
298,2019,14,CARM,7.57,61.43,2019-08-21,Crossroads,25NW,2,0.26180851857142856,-0.08453535428571428,19.72184809978022,94.0,5.737109342578678
299,2019,14,TRM,9.31,63.94,2019-08-21,Crossroads,25SE,2,0.27044030428571425,-0.09006160857142857,18.917597624923076,86.0,4.923844147790695
300,2019,14,TRM,7.89,63.05,2019-08-21,Crossroads,19N,2,0.2849733142857143,-0.09036280142857143,21.394158322307685,94.0,5.713938629194616
301,2019,14,TRM,7.38,61.71,2019-08-21,Crossroads,15E,2,0.27579038857142857,-0.09999995285714283,21.639232100241763,92.0,6.514714945088305
302,2019,15,CARM,8.71,63.39,2019-08-28,South,31W,1,0.25270001714285717,-0.07317039285714286,22.18585891567032,102.0,7.176111881806682
303,2019,15,TRM,9.04,60.97,2019-08-28,South,31E,1,0.2416669242857143,-0.06850016,20.287632355978023,101.0,6.580755332563606
304,2019,15,TRM,8.18,62.14,2019-08-28,South,19N,1,0.27145526571428574,-0.07804556857142857,22.187943615868125,101.0,6.403104011907553
305,2019,15,TRM,7.18,61.83,2019-08-28,South,15E,1,0.26319627,-0.08133180999999999,22.376368002021973,99.0,7.146902676789076
306,2019,16,CARM,7.66,63.29,2019-09-03,South,31W,2,0.24234353,-0.06258497714285716,22.697377060989005,108.0,7.720077633474718
307,2019,16,TRM,8.99,62.19,2019-09-03,South,31E,2,0.2326518242857143,-0.05739697428571428,20.749904044065936,107.0,7.034216336896648
308,2019,16,TRM,7.68,62.43,2019-09-03,South,19N,2,0.2604521242857143,-0.0685769357142857,22.794676025450542,107.0,6.988691025626273
309,2019,16,TRM,6.7,61.01,2019-09-03,South,15E,2,0.2530385371428572,-0.06803938571428572,22.940422832527474,105.0,7.672392492315715
310,2019,17,CARM,5.91,61.22,2019-09-10,South,31W,3,0.23041249,-0.05465953857142858,23.215802670527474,115.0,8.365824173438268
311,2019,17,TRM,7.14,61.98,2019-09-10,South,31E,3,0.22254644000000004,-0.04870821428571429,21.222274069692308,114.0,7.555885161713362
312,2019,17,TRM,7.01,61.34,2019-09-10,South,19N,3,0.24870245285714285,-0.05942483857142857,23.423259080439557,114.0,7.632098852298798
313,2019,17,TRM,6.41,60.29,2019-09-10,South,15E,3,0.24174479000000001,-0.056762642857142866,23.52355814002198,112.0,8.271438773183139
314,2019,18,CARM,7.94,64.8,2019-09-18,Snowfence,18S,1,0.23417854285714285,-0.060471995714285694,26.030941645780224,122.0,9.55550673999778
315,2019,18,TRM,7.19,62.05,2019-09-18,Snowfence,19N,1,0.23657107714285713,-0.05286430999999999,24.046617456549445,122.0,8.31460251389798
316,2019,18,TRM,7.45,62.14,2019-09-18,Snowfence,15E,1,0.2295850257142857,-0.05036755999999999,24.096429954505503,120.0,8.933029500125588
317,2019,19,CARM,7.12,64.43,2019-09-25,Snowfence,18S,2,0.22317258285714286,-0.0558972357142857,26.503759873011,129.0,10.221856017555098
318,2019,19,TRM,6.78,62.63,2019-09-25,Snowfence,19N,2,0.2270821242857143,-0.048865389999999995,24.517154810109883,129.0,8.86165850866218
319,2019,19,TRM,6.85,61.31,2019-09-25,Snowfence,15E,2,0.21978311714285717,-0.04736857571428572,24.521248090571437,127.0,9.479692066593584
